<?xml version="1.0" encoding="UTF-8" ?>
<!DOCTYPE html>
<html b:version='2' expr:dir='data:blog.languageDirection' xmlns='http://www.w3.org/1999/xhtml' xmlns:b='http://www.google.com/2005/gml/b' xmlns:data='http://www.google.com/2005/gml/data' xmlns:expr='http://www.google.com/2005/gml/expr'>
<head>
    <meta charset='utf-8'/>
    <meta content='IE=edge' http-equiv='X-UA-Compatible'/>
    <meta content='width=device-width,initial-scale=1.0,minimum-scale=1.0,maximum-scale=1.0' name='viewport'/>
     

<b:skin>
</b:skin>
  

  <script src="https://ajax.googleapis.com/ajax/libs/jquery/1.12.4/jquery.min.js"></script>
	<script src="https://cdnjs.cloudflare.com/ajax/libs/reading-time/2.0.0/readingTime.min.js"></script>
	
	<script src="https://cdnjs.cloudflare.com/ajax/libs/jquery-timeago/1.6.7/jquery.timeago.min.js"></script>
		

<script type='text/javascript'>
  //<![CDATA[
    var classicMode = false;
    var summary = 50;
    var indent = 3;
    imgr = new Array();
    imgr[0] = "https://2.bp.blogspot.com/-mmjt8mh87bQ/VQ6ltMr8GxI/AAAAAAAAEfo/93SmjxkwmO0/s1600/no-image-found.jpg";
    showRandomImg = true;
    aBold = true;
    summaryPost = 120;
    summaryTitle = 25;
    numposts1 = 5;
    numposts2 = 8;
    
    var relatedTitles = new Array();
    var relatedTitlesNum = 0;
    var relatedUrls = new Array();
    var thumburl = new Array();

    function stripHtmlTags(s, max) {
      return s.replace(/<.*?>/ig, '').split(/\s+/).slice(0, max - 1).join(' ')
    }

    function createSummaryAndThumb(pID) {
      var div = document.getElementById(pID);
      var img = div.getElementsByTagName("img");
      var content1 = div.innerHTML.replace(/<img.*?>/ig, '').replace(/<iframe.*?>/ig, '');
      var arr = content1.split(/<br\s*\/?>/);
      var content = arr[0] + arr.slice(1, -1).join('<br>') + arr.slice(-1);
      var summary1 = '<p>' + stripHtmlTags(content, 60) + '...</p>';
      div.innerHTML = summary1;
      div.style.display = "block";
      var elem = document.getElementsByClassName("separator");
      for (var i = 0; i < elem.length; i++) {
        elem[i].innerHTML = '';
      }
    }
  //]]>
  </script>


</head>
<body>


    <b:section class='main' id='main' name='Main Wrapper' showaddelement='yes'>
      <b:widget id='Blog1' locked='true' title='Blog Posts' type='Blog' version='1'>
        <b:widget-settings>
          <b:widget-setting name='showDateHeader'>true</b:widget-setting>
          <b:widget-setting name='style.textcolor'>#ff3c36</b:widget-setting>
          <b:widget-setting name='showShareButtons'>true</b:widget-setting>
          <b:widget-setting name='authorLabel'>By</b:widget-setting>
          <b:widget-setting name='showCommentLink'>true</b:widget-setting>
          <b:widget-setting name='style.urlcolor'>#1e87f0</b:widget-setting>
          <b:widget-setting name='showAuthor'>false</b:widget-setting>
          <b:widget-setting name='style.linkcolor'>#1e87f0</b:widget-setting>
          <b:widget-setting name='style.unittype'>TextAndImage</b:widget-setting>
          <b:widget-setting name='style.bgcolor'>#000000</b:widget-setting>
          <b:widget-setting name='showAuthorProfile'>false</b:widget-setting>
          <b:widget-setting name='style.layout'>1x1</b:widget-setting>
          <b:widget-setting name='showLabels'>true</b:widget-setting>
          <b:widget-setting name='showLocation'>true</b:widget-setting>
          <b:widget-setting name='showTimestamp'>true</b:widget-setting>
          <b:widget-setting name='postsPerAd'>3</b:widget-setting>
          <b:widget-setting name='showBacklinks'>false</b:widget-setting>
          <b:widget-setting name='style.bordercolor'>#000000</b:widget-setting>
          <b:widget-setting name='showInlineAds'>true</b:widget-setting>
          <b:widget-setting name='showReactions'>false</b:widget-setting>
        </b:widget-settings>
        <b:includable id='main' var='top'>

      <b:include data='top' name='status-message'/>

    <!-- posts -->
    <div class='blog-posts hfeed'>

      <data:defaultAdStart/>
      <b:loop values='data:posts' var='post'>
        <div class='post-outer'>
        <b:include data='post' name='post'/>
        <b:if cond='data:blog.pageType == &quot;static_page&quot;'>
          <b:include data='post' name='comment_picker'/>
        </b:if>
        <b:if cond='data:blog.pageType == &quot;item&quot;'>
          <b:include data='post' name='comment_picker'/>
        </b:if>
        </div>
        <b:if cond='data:post.includeAd'>
          <b:if cond='data:post.isFirstPost'>
            <data:defaultAdEnd/>
          <b:else/>
            <data:adEnd/>
          </b:if>
        
          <data:adStart/>
        </b:if>
      </b:loop>
      <data:adEnd/>
    </div>

    <!-- navigation -->
    <b:if cond='data:blog.pageType == &quot;index&quot;'>
      <b:include name='nextprev'/>
      <b:else/>
      <b:if cond='data:blog.pageType == &quot;archive&quot;'>
        <b:include name='nextprev'/>
      </b:if>
    </b:if>

    <!-- feed links -->
    <b:include name='feedLinks'/>

    <b:if cond='data:top.showStars'>
      <script src='//www.google.com/jsapi' type='text/javascript'/>
      <script type='text/javascript'>
        google.load(&quot;annotations&quot;, &quot;1&quot;, {&quot;locale&quot;: &quot;<data:top.languageCode/>&quot;});
        function initialize() {
          google.annotations.setApplicationId(<data:top.blogspotReviews/>);
          google.annotations.createAll();
          google.annotations.fetch();
        }
        google.setOnLoadCallback(initialize);
      </script>
    </b:if>

 

</b:includable>
        <b:includable id='backlinkDeleteIcon' var='backlink'>
                <span expr:class='&quot;item-control &quot; + data:backlink.adminClass'>
                  <a expr:href='data:backlink.deleteUrl' expr:title='data:top.deleteBacklinkMsg'>
                    <img src='http://www.blogger.com/img/icon_delete13.gif'/>
                  </a>
                </span>
              </b:includable>
        <b:includable id='backlinks' var='post'>
                <a name='links'/>
                <h4>
                  <data:post.backlinksLabel/>
                </h4>
                <b:if cond='data:post.numBacklinks != 0'>
                  <dl class='comments-block' id='comments-block'>
                    <b:loop values='data:post.backlinks' var='backlink'>
                      <div class='collapsed-backlink backlink-control'>
                        <dt class='comment-title'>
                          <span class='backlink-toggle-zippy'>
                            &#160;
                          </span>
                          <a expr:href='data:backlink.url' rel='nofollow'>
                            <data:backlink.title/>
                          </a>
                          <b:include data='backlink' name='backlinkDeleteIcon'/>
                        </dt>
                        <dd class='comment-body collapseable'>
                          <data:backlink.snippet/>
                        </dd>
                        <dd class='comment-footer collapseable'>
                          <span class='comment-author'>
                            <data:post.authorLabel/>
                            <data:backlink.author/>
                          </span>
                          <span class='comment-timestamp'>
                            <data:post.timestampLabel/>
                            <data:backlink.timestamp/>
                          </span>
                        </dd>
                      </div>
                    </b:loop>
                  </dl>
                </b:if>
                <p class='comment-footer'>
                  <a class='comment-link' expr:href='data:post.createLinkUrl' expr:id='data:widget.instanceId + &quot;_backlinks-create-link&quot;' target='_blank'>
                    <data:post.createLinkLabel/>
                  </a>
                </p>
              </b:includable>
        <b:includable id='comment-form' var='post'>
  <div class='comment-form'>
    <a name='comment-form'/>
    <b:if cond='data:mobile'>
      <h4 id='comment-post-message'>
        <a expr:id='data:widget.instanceId + &quot;_comment-editor-toggle-link&quot;' href='javascript:void(0)'><data:postCommentMsg/></a></h4>
      <p><data:blogCommentMessage/></p>
      <data:blogTeamBlogMessage/>
      <a expr:href='data:post.commentFormIframeSrc' id='comment-editor-src'/>
      <iframe allowtransparency='true' class='blogger-iframe-colorize blogger-comment-from-post' frameborder='0' height='410' id='comment-editor' name='comment-editor' src='' style='display: none' width='100%'/>
    <b:else/>
      <p><data:blogCommentMessage/></p>
      <data:blogTeamBlogMessage/>
      <a expr:href='data:post.commentFormIframeSrc' id='comment-editor-src'/>
      <iframe allowtransparency='true' class='blogger-iframe-colorize blogger-comment-from-post' frameborder='0' height='410' id='comment-editor' name='comment-editor' src='' width='100%'/>
    </b:if>
    <data:post.friendConnectJs/>
    <data:post.cmtfpIframe/>
    <script type='text/javascript'>
      BLOG_CMT_createIframe(&#39;<data:post.appRpcRelayPath/>&#39;);
    </script>
  </div>
</b:includable>
        <b:includable id='commentDeleteIcon' var='comment'>
  <span expr:class='&quot;item-control &quot; + data:comment.adminClass'>
    <b:if cond='data:showCmtPopup'>
      <div class='goog-toggle-button'>
        <div class='goog-inline-block comment-action-icon'/>
      </div>
    <b:else/>
      <a class='comment-delete' expr:href='data:comment.deleteUrl' expr:title='data:top.deleteCommentMsg'>
        <img src='https://resources.blogblog.com/img/icon_delete13.gif'/>
      </a>
    </b:if>
  </span>
</b:includable>
        <b:includable id='comment_count_picker' var='post'>
  <b:if cond='data:post.commentSource == 1'>
    <span class='cmt_count_iframe_holder' expr:data-count='data:post.numComments' expr:data-onclick='data:post.addCommentOnclick' expr:data-post-url='data:post.url' expr:data-url='data:post.url.canonical.http'>
    </span>
  <b:else/>
    <a class='comment-link' expr:href='data:post.addCommentUrl' expr:onclick='data:post.addCommentOnclick'>
      <data:post.commentLabelFull/>:
    </a>
  </b:if>
</b:includable>
        <b:includable id='comment_picker' var='post'>
  <b:if cond='data:post.commentSource == 1'>
    <b:include data='post' name='iframe_comments'/>
  <b:else/>
    <b:if cond='data:post.showThreadedComments'>
      <b:include data='post' name='threaded_comments'/>
    <b:else/>
      <b:include data='post' name='comments'/>
    </b:if>
  </b:if>
</b:includable>
        <b:includable id='comments' var='post'>
  <div class='comments' id='comments'>
    <a name='comments'/>
    <b:if cond='data:post.allowComments'>
      <h4><data:post.commentLabelFull/>:</h4>

      <b:if cond='data:post.commentPagingRequired'>
        <span class='paging-control-container'>
          <b:if cond='data:post.hasOlderLinks'>
            <a expr:class='data:post.oldLinkClass' expr:href='data:post.oldestLinkUrl'><data:post.oldestLinkText/></a>
              &#160;
            <a expr:class='data:post.oldLinkClass' expr:href='data:post.olderLinkUrl'><data:post.olderLinkText/></a>
              &#160;
          </b:if>

          <data:post.commentRangeText/>

          <b:if cond='data:post.hasNewerLinks'>
            &#160;
            <a expr:class='data:post.newLinkClass' expr:href='data:post.newerLinkUrl'><data:post.newerLinkText/></a>
            &#160;
            <a expr:class='data:post.newLinkClass' expr:href='data:post.newestLinkUrl'><data:post.newestLinkText/></a>
          </b:if>
        </span>
      </b:if>

      <div expr:id='data:widget.instanceId + &quot;_comments-block-wrapper&quot;'>
        <dl expr:class='data:post.avatarIndentClass' id='comments-block'>
          <b:loop values='data:post.comments' var='comment'>
            <dt expr:class='&quot;comment-author &quot; + data:comment.authorClass' expr:id='data:comment.anchorName'>
              <b:if cond='data:comment.favicon'>
                <img expr:src='data:comment.favicon' height='16px' style='margin-bottom:-2px;' width='16px'/>
              </b:if>
              <a expr:name='data:comment.anchorName'/>
              <b:if cond='data:blog.enabledCommentProfileImages'>
                <data:comment.authorAvatarImage/>
              </b:if>
              <b:if cond='data:comment.authorUrl'>
                <a expr:href='data:comment.authorUrl' rel='nofollow'><data:comment.author/></a>
              <b:else/>
                <data:comment.author/>
              </b:if>
              <data:commentPostedByMsg/>
            </dt>
            <dd class='comment-body' expr:id='data:widget.instanceId + data:comment.cmtBodyIdPostfix'>
              <b:if cond='data:comment.isDeleted'>
                <span class='deleted-comment'><data:comment.body/></span>
              <b:else/>
                <p>
                  <data:comment.body/>
                </p>
              </b:if>
            </dd>
            <dd class='comment-footer'>
              <span class='comment-timestamp'>
                <a expr:href='data:comment.url' title='comment permalink'>
                  <abbr class='timeago' expr:title='data:post.timestampISO8601'><data:comment.timestamp/></abbr>
                </a>
                <b:include data='comment' name='commentDeleteIcon'/>
              </span>
            </dd>
          </b:loop>
        </dl>
      </div>

      <b:if cond='data:post.commentPagingRequired'>
        <span class='paging-control-container'>
          <a expr:class='data:post.oldLinkClass' expr:href='data:post.oldestLinkUrl'>
            <data:post.oldestLinkText/>
          </a>
          <a expr:class='data:post.oldLinkClass' expr:href='data:post.olderLinkUrl'>
            <data:post.olderLinkText/>
          </a>
          &#160;
          <data:post.commentRangeText/>
          &#160;
          <a expr:class='data:post.newLinkClass' expr:href='data:post.newerLinkUrl'>
            <data:post.newerLinkText/>
          </a>
          <a expr:class='data:post.newLinkClass' expr:href='data:post.newestLinkUrl'>
            <data:post.newestLinkText/>
          </a>
        </span>
      </b:if>

      <p class='comment-footer'>
        <b:if cond='data:post.embedCommentForm'>
          <b:if cond='data:post.allowNewComments'>
            <b:include data='post' name='comment-form'/>
          <b:else/>
            <data:post.noNewCommentsText/>
          </b:if>
        <b:else/>
          <b:if cond='data:post.allowComments'>
            <a expr:href='data:post.addCommentUrl' expr:onclick='data:post.addCommentOnclick'><data:postCommentMsg/></a>
          </b:if>
        </b:if>

      </p>
    </b:if>
    <b:if cond='data:showCmtPopup'>
      <div id='comment-popup'>
        <iframe allowtransparency='true' frameborder='0' id='comment-actions' name='comment-actions' scrolling='no'>
        </iframe>
      </div>
    </b:if>

    <div id='backlinks-container'>
    <div expr:id='data:widget.instanceId + &quot;_backlinks-container&quot;'>
       <b:if cond='data:post.showBacklinks'>
         <b:include data='post' name='backlinks'/>
       </b:if>
    </div>
    </div>
  </div>
</b:includable>
        <b:includable id='feedLinks'>
                <b:if cond='data:blog.pageType != &quot;item&quot;'>
                  <!-- Blog feed links -->
                  <b:if cond='data:feedLinks'>
                    <div class='blog-feeds'>
                      <b:include data='feedLinks' name='feedLinksBody'/>
                    </div>
                  </b:if>
                  <b:else/>
                  <!--Post feed links -->
                  <div class='post-feeds'>
                    <b:loop values='data:posts' var='post'>
                      <b:if cond='data:post.allowComments'>
                        <b:if cond='data:post.feedLinks'>
                          <b:include data='post.feedLinks' name='feedLinksBody'/>
                        </b:if>
                      </b:if>
                    </b:loop>
                  </div>
                </b:if>
              </b:includable>
        <b:includable id='feedLinksBody' var='links'>
                <div class='feed-links'>
                  <data:feedLinksMsg/>
                  <b:loop values='data:links' var='f'>
                    <a class='feed-link' expr:href='data:f.url' expr:type='data:f.mimeType' target='_blank'>
                      <data:f.name/>
                      (
                      <data:f.feedType/>
                      )
                    </a>
                  </b:loop>
                </div>
              </b:includable>
        <b:includable id='iframe_comments' var='post'>

  <b:if cond='data:post.allowIframeComments'>
    <script expr:src='data:post.iframeCommentSrc' type='text/javascript'/>
    <div class='cmt_iframe_holder' expr:data-href='data:post.url.canonical' expr:data-viewtype='data:post.viewType'/>

    <b:if cond='data:post.embedCommentForm == &quot;false&quot;'>
      <a expr:href='data:post.addCommentUrl' expr:onclick='data:post.addCommentOnclick'><data:postCommentMsg/></a>
    </b:if>
  </b:if>
</b:includable>
        <b:includable id='mobile-index-post' var='post'>
                
              </b:includable>
        <b:includable id='mobile-main' var='top'>
               
              </b:includable>
        <b:includable id='mobile-nextprev'>
                
              </b:includable>
        <b:includable id='mobile-post' var='post'>
               
							</b:includable>
        
				<b:includable id='nextprev'>
  <div class='blog-pager' id='blog-pager'>
    <b:if cond='data:newerPageUrl'>
      <span id='blog-pager-newer-link'>
      <a class='blog-pager-newer-link' expr:href='data:newerPageUrl' expr:id='data:widget.instanceId + &quot;_blog-pager-newer-link&quot;' expr:title='data:newerPageTitle'><data:newerPageTitle/></a>
      </span>
    </b:if>

    <b:if cond='data:olderPageUrl'>
      <span id='blog-pager-older-link'>
      <a class='blog-pager-older-link' expr:href='data:olderPageUrl' expr:id='data:widget.instanceId + &quot;_blog-pager-older-link&quot;' expr:title='data:olderPageTitle'><data:olderPageTitle/></a>
      </span>
    </b:if>

    <a class='home-link' expr:href='data:blog.homepageUrl'><data:homeMsg/></a>

    <b:if cond='data:mobileLinkUrl'>
      <div class='blog-mobile-link'>
        <a expr:href='data:mobileLinkUrl'><data:mobileLinkMsg/></a>
      </div>
    </b:if>

  </div>
  <div class='clear'/>
</b:includable>
        <b:includable id='post' var='post'>
          <div class='post' data-target='article' expr:data-file='data:post.url'>
            
            <b:if cond='data:blog.pageType == &quot;archive&quot;'>
              <b:if cond='data:post.thumbnailUrl'>
                <div class='block-image'><div class='thumb'>
                  &lt;a href=&#39;<data:post.url/>&#39; style=&#39;background:url(<data:post.thumbnailUrl/>) no-repeat center center;background-size:cover&#39;&gt;&lt;/a&gt;
                  </div>
                  <div class='postags'>
                    <b:if cond='data:post.labels'>
                      <b:loop values='data:post.labels' var='label'>
                        <a expr:href='data:label.url' rel='tag'><data:label.name/></a>
                        <b:if cond='data:label.isLast != &quot;true&quot;'/>
                      </b:loop>
                    </b:if>
                  </div></div>
                <b:else/>
                <b:if cond='data:post.firstImageUrl'>
                  <div class='block-image'><div class='thumb'>
                    &lt;a href=&#39;<data:post.url/>&#39; style=&#39;background:url(<data:post.firstImageUrl/>) no-repeat center center;background-size:cover&#39;&gt;&lt;/a&gt;
                    </div>
                    <div class='postags'>
                      <b:if cond='data:post.labels'>
                        <b:loop values='data:post.labels' var='label'>
                          <a expr:href='data:label.url' rel='tag'><data:label.name/></a>
                          <b:if cond='data:label.isLast != &quot;true&quot;'/>
                        </b:loop>
                      </b:if>
                    </div></div>
                  <b:else/>
                  <div class='block-image'><div class='thumb'>
                    &lt;a href=&#39;<data:post.url/>&#39; style=&#39;background:url(http://1.bp.blogspot.com/-eAeO-DYJDws/Vkqtj4HFBFI/AAAAAAAAB0o/Q5OLsyONXM0/s1600-r/nth.png) no-repeat center center;background-size:cover&#39;&gt;&lt;/a&gt;
                    </div>
                    <div class='postags'>
                      <b:if cond='data:post.labels'>
                        <b:loop values='data:post.labels' var='label'>
                          <a expr:href='data:label.url' rel='tag'><data:label.name/></a>
                          <b:if cond='data:label.isLast != &quot;true&quot;'/>
                        </b:loop>
                      </b:if>
                    </div></div>
                </b:if></b:if>
            </b:if>
                        <b:if cond='data:blog.pageType == &quot;item&quot;'>
              &lt;div itemprop=&#39;blogPost&#39; itemscope=&#39;itemscope&#39; itemtype=&#39;http://schema.org/BlogPosting&#39;&gt;
              <div itemprop='image' itemscope='itemscope' itemtype='https://schema.org/ImageObject' style='display:none;'>
                <meta expr:content='data:post.firstImageUrl' itemprop='url'/>
                <meta content='700' itemprop='width height'/>
              </div>
            </b:if>
            <div class='post-header'>
              <b:if cond='data:blog.pageType == &quot;item&quot;'>
                <div class='breadcrumbs' xmlns:v='http://rdf.data-vocabulary.org/#'>
                  <span typeof='v:Breadcrumb'><a class='bhome' expr:href='data:blog.homepageUrl' property='v:title' rel='v:url'>Home</a></span><i class='fa fa-angle-right'/>
                  <b:loop values='data:posts' var='post'>
                    <b:if cond='data:post.labels'>
                      <b:loop values='data:post.labels' var='label'>
                        <span typeof='v:Breadcrumb'>
                          <a expr:href='data:label.url' property='v:title' rel='v:url'><data:label.name/></a></span>
                        <b:if cond='data:label.isLast != &quot;true&quot;'><i class='fa fa-angle-right'/></b:if>
                      </b:loop>
                      <b:else/>
                      Unlabelled
                    </b:if>
                    <i class='fa fa-angle-right'/><span><data:post.title/></span>
                  </b:loop>
                </div>
                <b:if cond='data:post.title'>
                  <div class='post-head'><h1 class='post-title entry-title' itemprop='name headline'>
                    <b:if cond='data:post.link'>
                      <a expr:href='data:post.link'><data:post.title/></a>
                      <b:else/>
                      <b:if cond='data:post.url'>
                        <b:if cond='data:blog.url != data:post.url'>
                          <a expr:href='data:post.url'><data:post.title/></a>
                          <b:else/>
                          <data:post.title/>
                        </b:if>
                        <b:else/>
                        <data:post.title/>
                      </b:if>
                    </b:if>
                    </h1></div>
                </b:if>
<div class='entry-meta'><div class='meta-item meta-author'>By <span class='vcard author'><span class='fn'><a class='g-profile' expr:href='data:post.authorProfileUrl' expr:title='data:post.author' rel='author'><data:post.author/></a></span></span></div><div class='meta-item meta-date'><data:post.timestamp/></div><div class='meta-item meta-rtime'><span class='eta'/>Read</div><div class='meta-item meta-comments'><a expr:href='data:post.url + &quot;#comments&quot;'>Add Comment</a></div></div>
              </b:if>
              <b:if cond='data:blog.pageType == &quot;static_page&quot;'>
                <b:if cond='data:post.title'>
                  <div class='post-head'><h1 class='post-title entry-title' itemprop='name'>
                    <b:if cond='data:post.link'>
                      <a expr:href='data:post.link'><data:post.title/></a>
                      <b:else/>
                      <b:if cond='data:post.url'>
                        <b:if cond='data:blog.url != data:post.url'>
                          <a expr:href='data:post.url'><data:post.title/></a>
                          <b:else/>
                          <data:post.title/>
                        </b:if>
                        <b:else/>
                        <data:post.title/>
                      </b:if>
                    </b:if>
                    </h1></div>
                </b:if>
              </b:if>
            </div>

            <article class='my-wrapz'>
           <div class='post-detail'>
              <b:if cond='data:blog.pageType != &quot;item&quot;'>
                <b:if cond='data:blog.pageType != &quot;static_page&quot;'>
                  <b:if cond='data:post.title'>
                    <font class='retitle'>
                      <h2 class='post-title entry-title'>
                        <b:if cond='data:post.link'>
                          <a expr:href='data:post.link'>
                            <data:post.title/>
                          </a>
                          <b:else/>
                          <b:if cond='data:post.url'>
                            <a expr:href='data:post.url'>
                              <data:post.title/>
                            </a>
                            <b:else/>
                            <data:post.title/>
                          </b:if>
                        </b:if>
                      </h2>
                    </font>
                  </b:if>
                  <div class='date-header'>

<div class='entry-meta'><div class='meta-item meta-author'>By <span class='vcard author'><span class='fn'><a class='g-profile' expr:href='data:post.authorProfileUrl' expr:title='data:post.author' rel='author'><data:post.author/></a></span></span></div><div class='meta-item meta-rtime'><span class='eta'/>Read</div><div class='meta-item meta-comments'><a expr:href='data:post.url + &quot;#comments&quot;'><data:post.numComments/> Comments</a></div></div>

  <script class='java' type='text/javascript'>
    //<![CDATA[
    function metaset(s) {
        var a = s.entry,
            n = a.published.$t,
            t = n.substring(0, 4),
            e = n.substring(5, 7),
            r = n.substring(8, 10),
            p = new Array;
        p[1] = "Jan", p[2] = "Feb", p[3] = "Mar", p[4] = "Apr", p[5] = "May", p[6] = "Jun", p[7] = "Jul", p[8] = "Aug", p[9] = "Sep", p[10] = "Oct", p[11] = "Nov", p[12] = "Dec", document.write('<div class="post-date"><span class="post-date-day">' + r + '</span><span class="post-date-month">' + p[parseInt(e, 10)] + '</span> - <span class="post-date-year">' + t + '</span></div>')
    };
    //]]>
  </script>




 <script class='java' expr:src='&quot;/feeds/posts/default/&quot; + data:post.id + &quot;?alt=json-in-script&amp;callback=metaset&quot;' type='text/javascript'/>
                          
                 
                   
	<div class='resumo'><div expr:id='&quot;summary&quot; + data:post.id' style='display:none;'>
							<data:post.body/>
						</div></div>
                    <script type='text/javascript'>createSummaryAndThumb(&quot;summary<data:post.id/>&quot;)</script>


<div class='entry-footer'>
            <a class='typology-button' expr:href='data:post.url'>Read More</a><a class='typology-button button-invert typology-rl pocket' expr:href='data:post.url + &quot;#comments&quot;'>Add comment</a>        </div>

                    <div style='clear: both;'/>


                  </div>
                  <b:else/>
                  <div class='post-body entry-content' expr:id='&quot;post-body-&quot; + data:post.id' itemprop='articleBody'>
                    <meta expr:content='data:post.snippet' name='twitter:description'/>
                    <data:post.body/>
                  </div>
                </b:if>
                <b:else/>
                <div class='post-body entry-content' expr:id='&quot;post-body-&quot; + data:post.id' itemprop='articleBody'>
                  <meta expr:content='data:post.snippet' name='twitter:description'/>
                  <data:post.body/>
                </div>
              </b:if>
              </div>
            </article>

            <div class='hreview' style='display:none'>
              <span class='item'>
                <span class='fn'><data:post.title/></span>
                <img class='photo' expr:alt='data:post.title' expr:src='data:post.thumbnailUrl'/>
              </span> 
              Reviewed by <span class='reviewer'><data:post.author/></span>
              on 
              <span class='dtreviewed'>
                <data:post.timestamp/>
                <span class='value-title' expr:title='data:post.timestamp'/>
              </span> 
              Rating: <span class='rating'>5</span> 
            </div>
            <div style='clear:both'/>  
            <div class='post-footer'>
              <b:if cond='data:blog.pageType == &quot;item&quot;'>

                <div class='label-head'>
                  <span>Tags :</span>
                  <b:if cond='data:post.labels'>
                    <b:loop values='data:post.labels' var='label'>
                      <a expr:href='data:label.url' rel='tag'><data:label.name/></a><b:if cond='data:label.isLast != &quot;true&quot;'/>
                    </b:loop>
                  </b:if>
                </div>

                <div class='share-art'>


                  <a class='facebook' expr:href='&quot;http://www.facebook.com/sharer.php?u=&quot; + data:post.url + &quot;&amp;title=&quot;+ data:post.title' onclick='window.open(this.href, &apos;windowName&apos;, &apos;width=600, height=400, left=24, top=24, scrollbars, resizable&apos;); return false;' rel='nofollow' target='_blank'><i class='fa fa-facebook'/><span> Share it</span></a>

                  <a class='twitter' expr:href='&quot;http://twitter.com/share?url=&quot; + data:post.url + &quot;&amp;title=&quot; + data:post.title' onclick='window.open(this.href, &apos;windowName&apos;, &apos;width=600, height=400, left=24, top=24, scrollbars, resizable&apos;); return false;' rel='nofollow' target='_blank'><i class='fa fa-twitter'/><span> Tweet</span></a>

                  <a class='googleplus' expr:href='&quot;https://plus.google.com/share?url=&quot; + data:post.url + &quot;&amp;title=&quot; + data:post.title' onclick='window.open(this.href, &apos;windowName&apos;, &apos;width=600, height=400, left=24, top=24, scrollbars, resizable&apos;); return false;' rel='nofollow' target='_blank'><i class='fa fa-google-plus'/><span> Share it</span></a>

                  <a class='linkedin' expr:href='&quot;http://www.linkedin.com/shareArticle?url=&quot; + data:post.url + &quot;&amp;title=&quot;+ data:post.title' onclick='window.open(this.href, &apos;windowName&apos;, &apos;width=600, height=400, left=24, top=24, scrollbars, resizable&apos;); return false;' rel='nofollow' target='_blank'><i class='fa fa-linkedin'/><span> Share it</span></a>

                  <a class='pinterest' expr:href='&quot;http://pinterest.com/pin/create/button/?url=&quot; + data:post.url + &quot;&amp;media=&quot; + data:post.firstImageUrl + &quot;&amp;description=&quot; + data:post.snippet' onclick='window.open(this.href, &apos;windowName&apos;, &apos;width=600, height=400, left=24, top=24, scrollbars, resizable&apos;); return false;' rel='nofollow' target='_blank'><i class='fa fa-pinterest-p'/><span> Pin it</span></a>  

                </div>

                <div style='clear:both'/>  

                <div id='related-posts'>
                  <h4 class='related-headline'>You Might Also Like</h4>
                  <div class='related-ready'>
                    <b:if cond='data:post.labels'>
                      <b:loop values='data:post.labels' var='label'>
                        <b:if cond='data:label.isLast == &quot;true&quot;'>
                          <a class='hide-label'><data:label.name/></a>
                        </b:if>
                      </b:loop>
                    </b:if>
                  </div>
                </div>

                <div class='clear'/>  

                <ul class='post-nav'>
                  <li class='next'> 
                    <b:if cond='data:newerPageUrl'> 
                      <a class='newer-link' expr:href='data:newerPageUrl' expr:id='data:widget.instanceId + &quot;_blog-pager-newer-link&quot;' rel='next'/> 
                      <b:else/> 
                      <a rel='next'><strong>Next</strong><span>You are viewing Most Recent Post</span></a> 
                    </b:if> 
                  </li>
                  <li class='previous'> 
                    <b:if cond='data:olderPageUrl'> 
                      <a class='older-link' expr:href='data:olderPageUrl' expr:id='data:widget.instanceId + &quot;_blog-pager-older-link&quot;' rel='previous'/> 
                      <b:else/> 
                      <a rel='previous'><strong>Previous</strong><span>You are viewing Last Post</span></a> 
                    </b:if> 
                  </li>
                </ul>

              </b:if>
            </div>

            <b:if cond='data:blog.pageType == &quot;item&quot;'>
              <div itemprop='publisher' itemscope='itemscope' itemtype='https://schema.org/Organization' style='display:none;'>
                <div itemprop='logo' itemscope='itemscope' itemtype='https://schema.org/ImageObject'>
                  <meta expr:content='data:post.firstImageUrl' itemprop='url'/>
                </div>
                <meta expr:content='data:blog.title' itemprop='name'/>
              </div>
              &lt;/div&gt;
            </b:if>
          </div>


<script type='text/javascript'>
//<![CDATA[
   $(".index .post-outer,.archive .post-outer").each(function() {
        $(this).find(".block-image .thumb a").attr("style", function(e, t) {
            return t.replace("/default.jpg", "/mqdefault.jpg")
        }).attr("style", function(e, t) {
            return t.replace("s72-c", "s1600")
        })
    });
//]]>
</script>

        </b:includable>
        <b:includable id='postQuickEdit' var='post'>
                      <b:if cond='data:post.editUrl'>
                        <span expr:class='&quot;item-control &quot; + data:post.adminClass'>
                          <a expr:href='data:post.editUrl' expr:title='data:top.editPostMsg'>
                            <!-- <img alt='' class='icon-action' height='18' src='http://img2.blogblog.com/img/icon18_edit_allbkg.gif' width='18'/> -->
                            <b style='color: #dd4b39;margin-left: 5px;'>
                              <i class='fa fa-pencil'/>
                              Edit
                            </b>
                          </a>
                        </span>
                      </b:if>
                    </b:includable>
        <b:includable id='shareButtons' var='post'>
                <b:if cond='data:top.showEmailButton'>
                  <a class='goog-inline-block share-button sb-email' expr:href='data:post.sharePostUrl + &quot;&amp;target=email&quot;' expr:title='data:top.emailThisMsg' target='_blank'>
                    <span class='share-button-link-text'>
                      <data:top.emailThisMsg/>
                    </span>
                  </a>
                </b:if>
                <b:if cond='data:top.showBlogThisButton'>
                  <a class='goog-inline-block share-button sb-blog' expr:href='data:post.sharePostUrl + &quot;&amp;target=blog&quot;' expr:onclick='&quot;window.open(this.href, \&quot;_blank\&quot;, \&quot;height=270,width=475\&quot;); return false;&quot;' expr:title='data:top.blogThisMsg' target='_blank'>
                    <span class='share-button-link-text'>
                      <data:top.blogThisMsg/>
                    </span>
                  </a>
                </b:if>
                <b:if cond='data:top.showTwitterButton'>
                  <a class='goog-inline-block share-button sb-twitter' expr:href='data:post.sharePostUrl + &quot;&amp;target=twitter&quot;' expr:title='data:top.shareToTwitterMsg' target='_blank'>
                    <span class='share-button-link-text'>
                      <data:top.shareToTwitterMsg/>
                    </span>
                  </a>
                </b:if>
                <b:if cond='data:top.showFacebookButton'>
                  <a class='goog-inline-block share-button sb-facebook' expr:href='data:post.sharePostUrl + &quot;&amp;target=facebook&quot;' expr:onclick='&quot;window.open(this.href, \&quot;_blank\&quot;, \&quot;height=430,width=640\&quot;); return false;&quot;' expr:title='data:top.shareToFacebookMsg' target='_blank'>
                    <span class='share-button-link-text'>
                      <data:top.shareToFacebookMsg/>
                    </span>
                  </a>
                </b:if>
                <b:if cond='data:top.showOrkutButton'>
                  <a class='goog-inline-block share-button sb-orkut' expr:href='data:post.sharePostUrl + &quot;&amp;target=orkut&quot;' expr:title='data:top.shareToOrkutMsg' target='_blank'>
                    <span class='share-button-link-text'>
                      <data:top.shareToOrkutMsg/>
                    </span>
                  </a>
                </b:if>
                <b:if cond='data:top.showDummy'>
                  <div class='goog-inline-block dummy-container'>
                    <data:post.dummyTag/>
                  </div>
                </b:if>
              </b:includable>
        <b:includable id='status-message'>
          <b:if cond='data:navMessage'>
            <div class='status-msg-wrap'>
              <div class='status-msg-body'>
                <data:navMessage/>
              </div>
              <div class='status-msg-border'>
                <div class='status-msg-bg'>
                  <div class='status-msg-hidden'><data:navMessage/></div>
                </div>
              </div>
            </div>
            <div style='clear: both;'/>
          </b:if>
        </b:includable>
        <b:includable id='threaded-comment-form' var='post'>
  <div class='comment-form'>
    <a name='comment-form'/>
    <b:if cond='data:mobile'>
      <p><data:blogCommentMessage/></p>
      <data:blogTeamBlogMessage/>
      <a expr:href='data:post.commentFormIframeSrc' id='comment-editor-src'/>
      <iframe allowtransparency='true' class='blogger-iframe-colorize blogger-comment-from-post' frameborder='0' height='410' id='comment-editor' name='comment-editor' src='' style='display: none' width='100%'/>
    <b:else/>
      <p><data:blogCommentMessage/></p>
      <data:blogTeamBlogMessage/>
      <a expr:href='data:post.commentFormIframeSrc' id='comment-editor-src'/>
      <iframe allowtransparency='true' class='blogger-iframe-colorize blogger-comment-from-post' frameborder='0' height='410' id='comment-editor' name='comment-editor' src='' width='100%'/>
    </b:if>
    <data:post.friendConnectJs/>
    <data:post.cmtfpIframe/>
    <script type='text/javascript'>
      BLOG_CMT_createIframe(&#39;<data:post.appRpcRelayPath/>&#39;);
    </script>
  </div>
</b:includable>
        <b:includable id='threaded_comment_js' var='post'>
  <script async='async' expr:src='data:post.commentSrc' type='text/javascript'/>

  <script type='text/javascript'>
    (function() {
      var items = <data:post.commentJso/>;
      var msgs = <data:post.commentMsgs/>;
      var config = <data:post.commentConfig/>;

// <![CDATA[
      var cursor = null;
      if (items && items.length > 0) {
        cursor = parseInt(items[items.length - 1].timestamp) + 1;
      }

      var bodyFromEntry = function(entry) {
        if (entry.gd$extendedProperty) {
          for (var k in entry.gd$extendedProperty) {
            if (entry.gd$extendedProperty[k].name == 'blogger.contentRemoved') {
              return '<span class="deleted-comment">' + entry.content.$t + '</span>';
            }
          }
        }
        return entry.content.$t;
      }

      var parse = function(data) {
        cursor = null;
        var comments = [];
        if (data && data.feed && data.feed.entry) {
          for (var i = 0, entry; entry = data.feed.entry[i]; i++) {
            var comment = {};
            // comment ID, parsed out of the original id format
            var id = /blog-(\d+).post-(\d+)/.exec(entry.id.$t);
            comment.id = id ? id[2] : null;
            comment.body = bodyFromEntry(entry);
            comment.timestamp = Date.parse(entry.published.$t) + '';
            if (entry.author && entry.author.constructor === Array) {
              var auth = entry.author[0];
              if (auth) {
                comment.author = {
                  name: (auth.name ? auth.name.$t : undefined),
                  profileUrl: (auth.uri ? auth.uri.$t : undefined),
                  avatarUrl: (auth.gd$image ? auth.gd$image.src : undefined)
                };
              }
            }
            if (entry.link) {
              if (entry.link[2]) {
                comment.link = comment.permalink = entry.link[2].href;
              }
              if (entry.link[3]) {
                var pid = /.*comments\/default\/(\d+)\?.*/.exec(entry.link[3].href);
                if (pid && pid[1]) {
                  comment.parentId = pid[1];
                }
              }
            }
            comment.deleteclass = 'item-control blog-admin';
            if (entry.gd$extendedProperty) {
              for (var k in entry.gd$extendedProperty) {
                if (entry.gd$extendedProperty[k].name == 'blogger.itemClass') {
                  comment.deleteclass += ' ' + entry.gd$extendedProperty[k].value;
                } else if (entry.gd$extendedProperty[k].name == 'blogger.displayTime') {
                  comment.displayTime = entry.gd$extendedProperty[k].value;
                }
              }
            }
            comments.push(comment);
          }
        }
        return comments;
      };

      var paginator = function(callback) {
        if (hasMore()) {
          var url = config.feed + '?alt=json&v=2&orderby=published&reverse=false&max-results=50';
          if (cursor) {
            url += '&published-min=' + new Date(cursor).toISOString();
          }
          window.bloggercomments = function(data) {
            var parsed = parse(data);
            cursor = parsed.length < 50 ? null
                : parseInt(parsed[parsed.length - 1].timestamp) + 1
            callback(parsed);
            window.bloggercomments = null;
          }
          url += '&callback=bloggercomments';
          var script = document.createElement('script');
          script.type = 'text/javascript';
          script.src = url;
          document.getElementsByTagName('head')[0].appendChild(script);
        }
      };
      var hasMore = function() {
        return !!cursor;
      };
      var getMeta = function(key, comment) {
        if ('iswriter' == key) {
          var matches = !!comment.author
              && comment.author.name == config.authorName
              && comment.author.profileUrl == config.authorUrl;
          return matches ? 'true' : '';
        } else if ('deletelink' == key) {
          return config.baseUri + '/delete-comment.g?blogID='
               + config.blogId + '&postID=' + comment.id;
        } else if ('deleteclass' == key) {
          return comment.deleteclass;
        }
        return '';
      };

      var replybox = null;
      var replyUrlParts = null;
      var replyParent = undefined;

      var onReply = function(commentId, domId) {
        if (replybox == null) {
          // lazily cache replybox, and adjust to suit this style:
          replybox = document.getElementById('comment-editor');
          if (replybox != null) {
            replybox.height = '250px';
            replybox.style.display = 'block';
            replyUrlParts = replybox.src.split('#');
          }
        }
        if (replybox && (commentId !== replyParent)) {
          document.getElementById(domId).insertBefore(replybox, null);
          replybox.src = replyUrlParts[0]
              + (commentId ? '&parentID=' + commentId : '')
              + '#' + replyUrlParts[1];
          replyParent = commentId;
        }
      };

      var hash = (window.location.hash || '#').substring(1);
      var startThread, targetComment;
      if (/^comment-form_/.test(hash)) {
        startThread = hash.substring('comment-form_'.length);
      } else if (/^c[0-9]+$/.test(hash)) {
        targetComment = hash.substring(1);
      }

      // Configure commenting API:
      var configJso = {
        'maxDepth': config.maxThreadDepth
      };
      var provider = {
        'id': config.postId,
        'data': items,
        'loadNext': paginator,
        'hasMore': hasMore,
        'getMeta': getMeta,
        'onReply': onReply,
        'rendered': true,
        'initComment': targetComment,
        'initReplyThread': startThread,
        'config': configJso,
        'messages': msgs
      };

      var render = function() {
        if (window.goog && window.goog.comments) {
          var holder = document.getElementById('comment-holder');
          window.goog.comments.render(holder, provider);
        }
      };

      // render now, or queue to render when library loads:
      if (window.goog && window.goog.comments) {
        render();
      } else {
        window.goog = window.goog || {};
        window.goog.comments = window.goog.comments || {};
        window.goog.comments.loadQueue = window.goog.comments.loadQueue || [];
        window.goog.comments.loadQueue.push(render);
      }
    })();
// ]]>
  </script>
</b:includable>
        <b:includable id='threaded_comments' var='post'>
  <div class='comments' id='comments'>
    <a name='comments'/>
    <h4><data:post.commentLabelFull/>:</h4>

    <div class='comments-content'>
      <b:if cond='data:post.embedCommentForm'>
        <b:include data='post' name='threaded_comment_js'/>
      </b:if>
      <div id='comment-holder'>
         <data:post.commentHtml/>
      </div>
    </div>

    <p class='comment-footer'>
      <b:if cond='data:post.allowNewComments'>
        <b:include data='post' name='threaded-comment-form'/>
      <b:else/>
        <data:post.noNewCommentsText/>
      </b:if>
    </p>

    <b:if cond='data:showCmtPopup'>
      <div id='comment-popup'>
        <iframe allowtransparency='true' frameborder='0' id='comment-actions' name='comment-actions' scrolling='no'>
        </iframe>
      </div>
    </b:if>

    <div id='backlinks-container'>
    <div expr:id='data:widget.instanceId + &quot;_backlinks-container&quot;'>
       <b:if cond='data:post.showBacklinks'>
         <b:include data='post' name='backlinks'/>
       </b:if>
    </div>
    </div>
  </div>
</b:includable>

      </b:widget>
      
			
			
		
		</b:section>         
     




 
 <script type='text/javascript'>
//<![CDATA[
// Reading Time Author: Michael Lynch http://michaelynch.com Licensed under the MIT license

//!function(e){e.fn.readingTime=function(n){var t={readingTimeTarget:".eta",wordCountTarget:null,wordsPerMinute:270,round:!0,lang:"en",lessThanAMinuteString:"",prependTimeString:"",prependWordString:"",remotePath:null,remoteTarget:null,success:function(){},error:function(){}},i=this,r=e(this);i.settings=e.extend({},t,n);var a=i.settings;if(!this.length)return a.error.call(this),this;if("it"==a.lang)var s=a.lessThanAMinuteString||"Meno di un minuto",l="minute";else if("fr"==a.lang)var s=a.lessThanAMinuteString||"Moins d'une minute",l="minute";else if("de"==a.lang)var s=a.lessThanAMinuteString||"Weniger als eine Minute",l="minute";else if("es"==a.lang)var s=a.lessThanAMinuteString||"Menos de un minuto",l="minute";else if("nl"==a.lang)var s=a.lessThanAMinuteString||"Minder dan een minuut",l="minute";else if("sk"==a.lang)var s=a.lessThanAMinuteString||"Menej než minútu",l="minute";else if("cz"==a.lang)var s=a.lessThanAMinuteString||"Méně než minutu",l="minute";else if("hu"==a.lang)var s=a.lessThanAMinuteString||"Kevesebb mint egy perc",l="perc";else var s=a.lessThanAMinuteString||"Less than a minute",l="minute";var u=function(n){if(""!==n){var t=n.trim().split(/\s+/g).length,i=a.wordsPerMinute/60,r=t/i;if(a.round===!0)var u=Math.round(r/60);else var u=Math.floor(r/60);var g=Math.round(r-60*u);if(a.round===!0)e(a.readingTimeTarget).text(u>0?a.prependTimeString+u+" "+l:a.prependTimeString+s);else{var o=u+":"+g;e(a.readingTimeTarget).text(a.prependTimeString+o)}""!==a.wordCountTarget&&void 0!==a.wordCountTarget&&e(a.wordCountTarget).text(a.prependWordString+t),a.success.call(this)}else a.error.call(this,"The element is empty.")};r.each(function(){null!=a.remotePath&&null!=a.remoteTarget?e.get(a.remotePath,function(n){u(e("<div>").html(n).find(a.remoteTarget).text())}):u(r.text())})}}(jQuery);





  $('.post').each(function() {

        $(this).readingTime({
            readingTimeTarget: $(this).find('.eta'),
            remotePath: $(this).attr('data-file'),
            remoteTarget: $(this).attr('data-target')
        });

    });

$('.post').readingTime();


//]]>
</script>



<script>
//<![CDATA[



// SelectNav.js - by: https://github.com/lukaszfiszer/selectnav.js
window.selectnav=function(){"use strict";var e=function(e,t){function c(e){var t;if(!e)e=window.event;if(e.target)t=e.target;else if(e.srcElement)t=e.srcElement;if(t.nodeType===3)t=t.parentNode;if(t.value)window.location.href=t.value}function h(e){var t=e.nodeName.toLowerCase();return t==="ul"||t==="ol"}function p(e){for(var t=1;document.getElementById("selectnav"+t);t++);return e?"selectnav"+t:"selectnav"+(t-1)}function d(e){a++;var t=e.children.length,n="",l="",c=a-1;if(!t){return}if(c){while(c--){l+=o}l+=" "}for(var v=0;v<t;v++){var m=e.children[v].children[0];if(typeof m!=="undefined"){var g=m.innerText||m.textContent;var y="";if(r){y=m.className.search(r)!==-1||m.parentNode.className.search(r)!==-1?f:""}if(i&&!y){y=m.href===document.URL?f:""}n+='<option value="'+m.href+'" '+y+">"+l+g+"</option>";if(s){var b=e.children[v].children[1];if(b&&h(b)){n+=d(b)}}}}if(a===1&&u){n='<option value="">'+u+"</option>"+n}if(a===1){n='<select class="selectnav" id="'+p(true)+'">'+n+"</select>"}a--;return n}e=document.getElementById(e);if(!e){return}if(!h(e)){return}if(!("insertAdjacentHTML"in window.document.documentElement)){return}document.documentElement.className+=" js";var n=t||{},r=n.activeclass||"active",i=typeof n.autoselect==="boolean"?n.autoselect:true,s=typeof n.nested==="boolean"?n.nested:true,o=n.indent||"→",u=n.label||"Menu",a=0,f=" selected ";e.insertAdjacentHTML("afterend",d(e));var l=document.getElementById(p());if(l.addEventListener){l.addEventListener("change",c)}if(l.attachEvent){l.attachEvent("onchange",c)}return l};return function(t,n){e(t,n)}}();$(document).ready(function(){selectnav('nav');selectnav('nav1');});


// Simple Tab JQuery Plugin by Taufik Nurrohman - https://plus.google.com/108949996304093815163/about
(function(a){a.fn.simplyTab=function(b){b=jQuery.extend({active:1,fx:null,showSpeed:400,hideSpeed:400,showEasing:null,hideEasing:null,show:function(){},hide:function(){},change:function(){}},b);return this.each(function(){var e=a(this),c=e.children("[data-tab]"),d=b.active-1;e.addClass("simplyTab").prepend('<ul class="wrap-tab"></ul>');c.addClass("content-tab").each(function(){a(this).hide();e.find(".wrap-tab").append('<li><a href="#">'+a(this).data("tab")+"</a></li>")}).eq(d).show();e.find(".wrap-tab a").on("click",function(){var f=a(this).parent().index();a(this).closest(".wrap-tab").find(".activeTab").removeClass("activeTab");a(this).addClass("activeTab");if(b.fx=="slide"){if(c.eq(f).is(":hidden")){c.slideUp(b.hideSpeed,b.hideEasing,function(){b.hide.call(e)}).eq(f).slideDown(b.showSpeed,b.showEasing,function(){b.show.call(e)})}}else{if(b.fx=="fade"){if(c.eq(f).is(":hidden")){c.hide().eq(f).fadeIn(b.showSpeed,b.showEasing,function(){b.show.call(e)})}}else{if(b.fx=="fancyslide"){if(c.eq(f).is(":hidden")){c.slideUp(b.hideSpeed,b.hideEasing,function(){b.hide.call(e)}).eq(f).delay(b.hideSpeed).slideDown(b.showSpeed,b.showEasing,function(){b.show.call(e)})}}else{if(c.eq(f).is(":hidden")){c.hide().eq(f).show()}}}}b.change.call(e);return false}).eq(d).addClass("activeTab")})}})(jQuery);

// SmoothScroll for websites v1.2.1
// Licensed under the terms of the MIT license.

// People involved
//  - Balazs Galambosi (maintainer)  
//  - Michael Herf     (Pulse Algorithm)

//!function(){function e(){var e=!1;e&&c("keydown",r),v.keyboardSupport&&!e&&u("keydown",r)}function t(){if(document.body){var t=document.body,o=document.documentElement,n=window.innerHeight,r=t.scrollHeight;if(S=document.compatMode.indexOf("CSS")>=0?o:t,w=t,e(),x=!0,top!=self)y=!0;else if(r>n&&(t.offsetHeight<=n||o.offsetHeight<=n)){var a=!1,i=function(){a||o.scrollHeight==document.height||(a=!0,setTimeout(function(){o.style.height=document.height+"px",a=!1},500))};if(o.style.height="auto",setTimeout(i,10),S.offsetHeight<=n){var l=document.createElement("div");l.style.clear="both",t.appendChild(l)}}v.fixedBackground||b||(t.style.backgroundAttachment="scroll",o.style.backgroundAttachment="scroll")}}function o(e,t,o,n){if(n||(n=1e3),d(t,o),1!=v.accelerationMax){var r=+new Date,a=r-C;if(a<v.accelerationDelta){var i=(1+30/a)/2;i>1&&(i=Math.min(i,v.accelerationMax),t*=i,o*=i)}C=+new Date}if(M.push({x:t,y:o,lastX:0>t?.99:-.99,lastY:0>o?.99:-.99,start:+new Date}),!T){var l=e===document.body,u=function(){for(var r=+new Date,a=0,i=0,c=0;c<M.length;c++){var s=M[c],d=r-s.start,f=d>=v.animationTime,h=f?1:d/v.animationTime;v.pulseAlgorithm&&(h=p(h));var m=s.x*h-s.lastX>>0,w=s.y*h-s.lastY>>0;a+=m,i+=w,s.lastX+=m,s.lastY+=w,f&&(M.splice(c,1),c--)}l?window.scrollBy(a,i):(a&&(e.scrollLeft+=a),i&&(e.scrollTop+=i)),t||o||(M=[]),M.length?E(u,e,n/v.frameRate+1):T=!1};E(u,e,0),T=!0}}function n(e){x||t();var n=e.target,r=l(n);if(!r||e.defaultPrevented||s(w,"embed")||s(n,"embed")&&/\.pdf/i.test(n.src))return!0;var a=e.wheelDeltaX||0,i=e.wheelDeltaY||0;return a||i||(i=e.wheelDelta||0),!v.touchpadSupport&&f(i)?!0:(Math.abs(a)>1.2&&(a*=v.stepSize/120),Math.abs(i)>1.2&&(i*=v.stepSize/120),o(r,-a,-i),void e.preventDefault())}function r(e){var t=e.target,n=e.ctrlKey||e.altKey||e.metaKey||e.shiftKey&&e.keyCode!==H.spacebar;if(/input|textarea|select|embed/i.test(t.nodeName)||t.isContentEditable||e.defaultPrevented||n)return!0;if(s(t,"button")&&e.keyCode===H.spacebar)return!0;var r,a=0,i=0,u=l(w),c=u.clientHeight;switch(u==document.body&&(c=window.innerHeight),e.keyCode){case H.up:i=-v.arrowScroll;break;case H.down:i=v.arrowScroll;break;case H.spacebar:r=e.shiftKey?1:-1,i=-r*c*.9;break;case H.pageup:i=.9*-c;break;case H.pagedown:i=.9*c;break;case H.home:i=-u.scrollTop;break;case H.end:var d=u.scrollHeight-u.scrollTop-c;i=d>0?d+10:0;break;case H.left:a=-v.arrowScroll;break;case H.right:a=v.arrowScroll;break;default:return!0}o(u,a,i),e.preventDefault()}function a(e){w=e.target}function i(e,t){for(var o=e.length;o--;)z[N(e[o])]=t;return t}function l(e){var t=[],o=S.scrollHeight;do{var n=z[N(e)];if(n)return i(t,n);if(t.push(e),o===e.scrollHeight){if(!y||S.clientHeight+10<o)return i(t,document.body)}else if(e.clientHeight+10<e.scrollHeight&&(overflow=getComputedStyle(e,"").getPropertyValue("overflow-y"),"scroll"===overflow||"auto"===overflow))return i(t,e)}while(e=e.parentNode)}function u(e,t,o){window.addEventListener(e,t,o||!1)}function c(e,t,o){window.removeEventListener(e,t,o||!1)}function s(e,t){return(e.nodeName||"").toLowerCase()===t.toLowerCase()}function d(e,t){e=e>0?1:-1,t=t>0?1:-1,(k.x!==e||k.y!==t)&&(k.x=e,k.y=t,M=[],C=0)}function f(e){if(e){e=Math.abs(e),D.push(e),D.shift(),clearTimeout(A);var t=D[0]==D[1]&&D[1]==D[2],o=h(D[0],120)&&h(D[1],120)&&h(D[2],120);return!(t||o)}}function h(e,t){return Math.floor(e/t)==e/t}function m(e){var t,o,n;return e*=v.pulseScale,1>e?t=e-(1-Math.exp(-e)):(o=Math.exp(-1),e-=1,n=1-Math.exp(-e),t=o+n*(1-o)),t*v.pulseNormalize}function p(e){return e>=1?1:0>=e?0:(1==v.pulseNormalize&&(v.pulseNormalize/=m(1)),m(e))}var w,g={frameRate:150,animationTime:800,stepSize:120,pulseAlgorithm:!0,pulseScale:8,pulseNormalize:1,accelerationDelta:20,accelerationMax:1,keyboardSupport:!0,arrowScroll:50,touchpadSupport:!0,fixedBackground:!0,excluded:""},v=g,b=!1,y=!1,k={x:0,y:0},x=!1,S=document.documentElement,D=[120,120,120],H={left:37,up:38,right:39,down:40,spacebar:32,pageup:33,pagedown:34,end:35,home:36},v=g,M=[],T=!1,C=+new Date,z={};setInterval(function(){z={}},1e4);var A,N=function(){var e=0;return function(t){return t.uniqueID||(t.uniqueID=e++)}}(),E=function(){return window.requestAnimationFrame||window.webkitRequestAnimationFrame||function(e,t,o){window.setTimeout(e,o||1e3/60)}}(),K=/chrome/i.test(window.navigator.userAgent),L="onmousewheel"in document;L&&K&&(u("mousedown",a),u("mousewheel",n),u("load",t))}();


//]]>
</script>

<script type='text/javascript'>
//<![CDATA[
/*GLOBAL SETTINGS, USER CAN CHANGE*/
var MONTH_FORMAT = [, "Jan", "Feb", "Mar", "Apr", "May", "Jun", "Jul", "Aug", "Sep", "Oct", "Nov", "Dec"];
var NO_IMAGE = "http://1.bp.blogspot.com/-eAeO-DYJDws/Vkqtj4HFBFI/AAAAAAAAB0o/Q5OLsyONXM0/s1600-r/nth.png";
var POST_PER_PAGE = 7; // number of posts per page "navigation"
var LABEL_SEARCH_NUM = 6; // number of posts labels search
var POSTNAV_PREV_TEXT = "Previous"; // post nav text "previous post"
var POSTNAV_NEXT_TEXT = "Next"; // post nav text "next post"
var COMMENTS_TEXT = "Leave a Comment"; // comments text "leave a comment"

// Main Scripts 

$(document).ready(function() {
    $(".cmm-tabs").simplyTab({
        active: 1,
        fx: "fade",
        showSpeed: 400,
        hideSpeed: 400
    });
		
    $('.blogger-tab').append($('#comments'));
    $(".cmm-tabs.simplyTab .wrap-tab").wrap("<div class='cmm-tabs-header'/>");
    $('.cmm-tabs-header').prepend('<h3>' + COMMENTS_TEXT + '</h3>');
    $("#menu").show();
    $("ul#sub-menu").parent("li").addClass("hasSub");
    $("abbr.timeago").timeago();
		
		

    $(".index .post-outer,.archive .post-outer").each(function() {
        $(this).find(".block-image .thumb a").attr("style", function(e, t) {
            return t.replace("/default.jpg", "/mqdefault.jpg")
        }).attr("style", function(e, t) {
            return t.replace("s72-c", "s1600")
        })
    });
		
		
    $('.PopularPosts ul li img').each(function() {
        $(this).attr('src', function(i, src) {
            return src.replace('/default.jpg', '/mqdefault.jpg')
        }).attr('src', function(i, src) {
            return src.replace('s72-c', 's1600')
        }).attr('src', function(i, src) {
            return src.replace('w72-h72-p-nu', 's1600')
        })
    });
		
		
    $(window).scroll(function() {
        if ($(this).scrollTop() > 200) {
            $('#back-to-top').fadeIn()
        } else {
            $('#back-to-top').fadeOut()
        }
    });
		
		
    $('#back-to-top').hide().click(function() {
        $('html, body').animate({
            scrollTop: 0
        }, 800);
        return false
    });
		
		
   
});


$(document).ready(function(a) {
    var b = a("a.newer-link");
    var c = a("a.older-link");
    a.get(b.attr("href"), function(c) {
        b.html("<strong>" + POSTNAV_NEXT_TEXT + "</strong><span>" + a(c).find(".post h1.post-title").text() + "</span>")
    }, "html");
    a.get(c.attr("href"), function(b) {
        c.html("<strong>" + POSTNAV_PREV_TEXT + "</strong><span>" + a(b).find(".post h1.post-title").text() + "</span>")
    }, "html")
});



$(window).bind("load", function() {
    $('.box-title h2 a,.Label a,.postags a,.label-head a').each(function() {
        var labelPage = $(this).attr('href');
        $(this).attr('href', labelPage + '?&max-results=' + LABEL_SEARCH_NUM + '')
    })
});




$(".related-ready").each(function() {
    var b = $(this).text();
    (b && b!="\n" && b!="") && $.ajax({
        url: "/feeds/posts/default/-/" + b + "?alt=json-in-script&max-results=3",
        type: 'get',
        dataType: "jsonp",
        success: function(e) {
            var u = "";
            var h = '<div class="related">';
            for (var i = 0; i < e.feed.entry.length; i++) {
                for (var j = 0; j < e.feed.entry[i].link.length; j++) {
                    if (e.feed.entry[i].link[j].rel == "alternate") {
                        u = e.feed.entry[i].link[j].href;
                        break
                    }
                }
                var g = e.feed.entry[i].title.$t;
                var c = e.feed.entry[i].content.$t;
                var $c = $('<div>').html(c);
                if (c.indexOf("//www.youtube.com/embed/") > -1) {
                    var p = e.feed.entry[i].media$thumbnail.url;
                    var k = p
                } else if (c.indexOf("<img") > -1) {
                    var q = $c.find('img:first').attr('src');
                    var k = q
                } else {
                    var k = NO_IMAGE
                }
                h += '<li><div class="related-thumb"><a class="related-img" href="' + u + '" style="background:url(' + k + ') no-repeat center center;background-size: cover"/></div><h3 class="related-title"><a href="' + u + '">' + g + '</a></h3></li>'
            }
            h += '</div><div class="clear"/>';
            $(".related-ready").html(h);
            $('.related-img').each(function() {
                $(this).attr('style', function(i, src) {
                    return src.replace('/default.jpg', '/hqdefault.jpg')
                }).attr('style', function(i, src) {
                    return src.replace('s72-c', 's1600')
                })
            })
        }
    })
});

//]]>
</script>



<script type='text/javascript'>
var postperpage=POST_PER_PAGE;
var numshowpage=5;
var upPageWord =&#39;Prev&#39;;
var downPageWord =&#39;Next&#39;;
var urlactivepage=location.href;
var home_page=&quot;/&quot;;
</script>


<b:if cond='data:blog.pageType != &quot;item&quot;'>
<b:if cond='data:blog.pageType != &quot;static_page&quot;'>
<script type='text/javascript'>
//<![CDATA[


var nopage;
var jenis;
var nomerhal;
var lblname1;
halamanblogger();

function loophalaman(banyakdata) {
	var html = '';
	nomerkiri = parseInt(numshowpage / 2);
	if (nomerkiri == numshowpage - nomerkiri) {
		numshowpage = nomerkiri * 2 + 1
	}
	mulai = nomerhal - nomerkiri;
	if (mulai < 1) mulai = 1;
	maksimal = parseInt(banyakdata / postperpage) + 1;
	if (maksimal - 1 == banyakdata / postperpage) maksimal = maksimal - 1;
	akhir = mulai + numshowpage - 1;
	if (akhir > maksimal) akhir = maksimal;
	html += "<span class='showpageOf'>Page " + nomerhal + ' of ' + maksimal + "</span>";
	var prevnomer = parseInt(nomerhal) - 1;
	if (nomerhal > 1) {
		if (nomerhal == 2) {
			if (jenis == "page") {
				html += '<span class="showpage"><a href="' + home_page + '">' + upPageWord + '</a></span>'
			} else {
				html += '<span class="showpageNum"><a href="/search/label/' + lblname1 + '?&max-results=' + postperpage + '">' + upPageWord + '</a></span>'
			}
		} else {
			if (jenis == "page") {
				html += '<span class="showpageNum"><a href="#" onclick="redirectpage(' + prevnomer + ');return false">' + upPageWord + '</a></span>'
			} else {
				html += '<span class="showpageNum"><a href="#" onclick="redirectlabel(' + prevnomer + ');return false">' + upPageWord + '</a></span>'
			}
		}
	}
	if (mulai > 1) {
		if (jenis == "page") {
			html += '<span class="showpageNum"><a href="' + home_page + '">1</a></span>'
		} else {
			html += '<span class="showpageNum"><a href="/search/label/' + lblname1 + '?&max-results=' + postperpage + '">1</a></span>'
		}
	}
	if (mulai > 2) {
		html += '  '
	}
	for (var jj = mulai; jj <= akhir; jj++) {
		if (nomerhal == jj) {
			html += '<span class="showpagePoint">' + jj + '</span>'
		} else if (jj == 1) {
			if (jenis == "page") {
				html += '<span class="showpageNum"><a href="' + home_page + '">1</a></span>'
			} else {
				html += '<span class="showpageNum"><a href="/search/label/' + lblname1 + '?&max-results=' + postperpage + '">1</a></span>'
			}
		} else {
			if (jenis == "page") {
				html += '<span class="showpageNum"><a href="#" onclick="redirectpage(' + jj + ');return false">' + jj + '</a></span>'
			} else {
				html += '<span class="showpageNum"><a href="#" onclick="redirectlabel(' + jj + ');return false">' + jj + '</a></span>'
			}
		}
	}
	if (akhir < maksimal - 1) {
		html += ''
	}
	if (akhir < maksimal) {
		if (jenis == "page") {
			html += '<span class="showpageNum"><a href="#" onclick="redirectpage(' + maksimal + ');return false">' + maksimal + '</a></span>'
		} else {
			html += '<span class="showpageNum"><a href="#" onclick="redirectlabel(' + maksimal + ');return false">' + maksimal + '</a></span>'
		}
	}
	var nextnomer = parseInt(nomerhal) + 1;
	if (nomerhal < maksimal) {
		if (jenis == "page") {
			html += '<span class="showpageNum"><a href="#" onclick="redirectpage(' + nextnomer + ');return false">' + downPageWord + '</a></span>'
		} else {
			html += '<span class="showpageNum"><a href="#" onclick="redirectlabel(' + nextnomer + ');return false">' + downPageWord + '</a></span>'
		}
	}
	var pageArea = document.getElementsByName("pageArea");
	var blogPager = document.getElementById("blog-pager");
	for (var p = 0; p < pageArea.length; p++) {
		pageArea[p].innerHTML = html
	}
	if (pageArea && pageArea.length > 0) {
		html = ''
	}
	if (blogPager) {
		blogPager.innerHTML = html
	}
}

function hitungtotaldata(root) {
	var feed = root.feed;
	var totaldata = parseInt(feed.openSearch$totalResults.$t, 10);
	loophalaman(totaldata)
}

function halamanblogger() {
	var thisUrl = urlactivepage;
	if (thisUrl.indexOf("/search/label/") != -1) {
		if (thisUrl.indexOf("?updated-max") != -1) {
			lblname1 = thisUrl.substring(thisUrl.indexOf("/search/label/") + 14, thisUrl.indexOf("?updated-max"))
		} else {
			lblname1 = thisUrl.substring(thisUrl.indexOf("/search/label/") + 14, thisUrl.indexOf("?&max"))
		}
	}
	if (thisUrl.indexOf("?q=") == -1 && thisUrl.indexOf(".html") == -1) {
		if (thisUrl.indexOf("/search/label/") == -1) {
			jenis = "page";
			if (urlactivepage.indexOf("#PageNo=") != -1) {
				nomerhal = urlactivepage.substring(urlactivepage.indexOf("#PageNo=") + 8, urlactivepage.length)
			} else {
				nomerhal = 1
			}
			document.write("<script src=\"" + home_page + "feeds/posts/summary?max-results=1&alt=json-in-script&callback=hitungtotaldata\"><\/script>")
		} else {
			jenis = "label";
			if (thisUrl.indexOf("&max-results=") == -1) {
				postperpage = 20
			}
			if (urlactivepage.indexOf("#PageNo=") != -1) {
				nomerhal = urlactivepage.substring(urlactivepage.indexOf("#PageNo=") + 8, urlactivepage.length)
			} else {
				nomerhal = 1
			}
			document.write('<script src="' + home_page + 'feeds/posts/summary/-/' + lblname1 + '?alt=json-in-script&callback=hitungtotaldata&max-results=1" ><\/script>')
		}
	}
}

function redirectpage(numberpage) {
	jsonstart = (numberpage - 1) * postperpage;
	nopage = numberpage;
	var nBody = document.getElementsByTagName('head')[0];
	var newInclude = document.createElement('script');
	newInclude.type = 'text/javascript';
	newInclude.setAttribute("src", home_page + "feeds/posts/summary?start-index=" + jsonstart + "&max-results=1&alt=json-in-script&callback=finddatepost");
	nBody.appendChild(newInclude)
}

function redirectlabel(numberpage) {
	jsonstart = (numberpage - 1) * postperpage;
	nopage = numberpage;
	var nBody = document.getElementsByTagName('head')[0];
	var newInclude = document.createElement('script');
	newInclude.type = 'text/javascript';
	newInclude.setAttribute("src", home_page + "feeds/posts/summary/-/" + lblname1 + "?start-index=" + jsonstart + "&max-results=1&alt=json-in-script&callback=finddatepost");
	nBody.appendChild(newInclude)
}

function finddatepost(root) {
	post = root.feed.entry[0];
	var timestamp1 = post.published.$t.substring(0, 19) + post.published.$t.substring(23, 29);
	var timestamp = encodeURIComponent(timestamp1);
	if (jenis == "page") {
		var alamat = "/search?updated-max=" + timestamp + "&max-results=" + postperpage + "#PageNo=" + nopage
	} else {
		var alamat = "/search/label/" + lblname1 + "?updated-max=" + timestamp + "&max-results=" + postperpage + "#PageNo=" + nopage
	}
	location.href = alamat
}

//]]>
</script>


</b:if>
</b:if>


<script type='text/javascript'>
//<![CDATA[

(function(d, s, id) {
	var js, fjs = d.getElementsByTagName(s)[0];
	if (d.getElementById(id)) return;
	js = d.createElement(s);
	js.id = id;
	js.src = "//connect.facebook.net/en_US/sdk.js#xfbml=1&version=v2.5";
	fjs.parentNode.insertBefore(js, fjs);
}(document, 'script', 'facebook-jssdk'));

//]]>
</script>

</body>
</html>