{
  "data": {
    "site": {
      "siteMetadata": {
        "cloudflareDocs": {
          "pathPrefix": "/ssl",
          "product": "SSL",
          "productLogoPathD": "M41.52 35.54a6.8 6.8 0 01-3.02 5.51v6.4l-4-3.34-4 3v-6.04a6.64 6.64 0 01-1.02-10.16 7.11 7.11 0 018.42-1.3 6.8 6.8 0 012.13 1.8 6.63 6.63 0 011.49 4.13zm-1.5 1.6a5.48 5.48 0 00-2.12-6.12 5.87 5.87 0 00-7.62.7 5.48 5.48 0 00.2 7.81 5.8 5.8 0 009.55-2.4zm-2.12-4.6a4.46 4.46 0 011.06 4.17 4.4 4.4 0 01-1.34 2.15l-.04.04a4.73 4.73 0 01-5.1.73 4.5 4.5 0 01-2.64-4.3c.1-1.81 1.3-3.4 3.07-4.01a4.72 4.72 0 015 1.22zm.97-4.66a9.06 9.06 0 00-1.87-.76V10a1 1 0 00-1-1H12a1 1 0 00-1 1v27a1 1 0 001 1h13.9a8.84 8.84 0 001.48 3H12a4 4 0 01-4-4V10a4 4 0 014-4h24a4 4 0 014 4v18.62a8.9 8.9 0 00-1.13-.74zM15.5 13h11a.5.5 0 110 1h-11a.5.5 0 110-1zm0 4h16a.5.5 0 110 1h-16a.5.5 0 110-1zm0 4h14a.5.5 0 110 1h-14a.5.5 0 110-1zm0 4h15a.5.5 0 110 1h-15a.5.5 0 110-1zm0 4h9a.5.5 0 110 1h-9a.5.5 0 110-1zm0 4h7a.5.5 0 110 1h-7a.5.5 0 110-1z",
          "contentRepo": "cloudflare/cloudflare-docs",
          "contentRepoFolder": "products/ssl",
          "externalLinks": [
            {
              "title": "Cloudflare homepage",
              "url": "https://cloudflare.com"
            }
          ],
          "search": {
            "indexName": "developers-cloudflare",
            "apiKey": "b23088ab4d346409f9d3ece6606344c3",
            "algoliaOptions": {
              "facetFilters": "[\"project:ssl\"]"
            }
          }
        }
      }
    }
  }
}