{
  "data": {
    "allMdx": {
      "edges": [
        {
          "node": {
            "id": "38139070-47f7-5691-b410-897599f1b059",
            "parent": {
              "__typename": "File",
              "id": "3c331fb4-198f-5ae1-9e33-c6a4d6dc2a40"
            },
            "fields": {
              "slug": "/"
            },
            "frontmatter": {
              "title": "Welcome"
            },
            "headings": [
              {
                "value": "Cloudflare SSL documentation",
                "depth": 1
              }
            ]
          }
        },
        {
          "node": {
            "id": "5723ab69-1dc0-50b8-b36d-ada4a59cc8da",
            "parent": {
              "__typename": "File",
              "id": "66c8ad6a-ef37-5e8d-9c90-45d1544777d1"
            },
            "fields": {
              "slug": "/client-certificates/configure-your-mobile-app-or-iot-device"
            },
            "frontmatter": {
              "title": ""
            },
            "headings": [
              {
                "value": "Configure your mobile app or IoT device",
                "depth": 1
              }
            ]
          }
        },
        {
          "node": {
            "id": "9cbb6245-3ad8-59d1-be0b-cf5a8b077406",
            "parent": {
              "__typename": "File",
              "id": "7a7f29ad-fcd6-5027-a1a7-7b43de8cea5c"
            },
            "fields": {
              "slug": "/client-certificates/create-a-client-certificate"
            },
            "frontmatter": {
              "title": ""
            },
            "headings": [
              {
                "value": "Create a client certificate",
                "depth": 1
              }
            ]
          }
        },
        {
          "node": {
            "id": "c6320ff2-cc5c-5cb6-9759-7d3cd242edfe",
            "parent": {
              "__typename": "File",
              "id": "6aec1438-430f-5221-af70-832c469303c1"
            },
            "fields": {
              "slug": "/client-certificates/enable-mtls"
            },
            "frontmatter": {
              "title": ""
            },
            "headings": [
              {
                "value": "Enable mTLS",
                "depth": 1
              }
            ]
          }
        },
        {
          "node": {
            "id": "2a0b9436-f7fc-5b14-aa50-a78c61aa2b93",
            "parent": {
              "__typename": "File",
              "id": "73fb86e3-7335-55c9-a62c-3dbf400e7791"
            },
            "fields": {
              "slug": "/client-certificates"
            },
            "frontmatter": {
              "title": ""
            },
            "headings": [
              {
                "value": "Client certificates",
                "depth": 1
              }
            ]
          }
        },
        {
          "node": {
            "id": "f73634e3-e5e6-5cd1-a813-f9e648fb9bdb",
            "parent": {
              "__typename": "File",
              "id": "7f734727-b319-53ea-8df1-63c814920441"
            },
            "fields": {
              "slug": "/client-certificates/revoke-client-certificate"
            },
            "frontmatter": {
              "title": ""
            },
            "headings": [
              {
                "value": "Revoke a client certificate",
                "depth": 1
              }
            ]
          }
        },
        {
          "node": {
            "id": "1c83ce02-1a47-50eb-a966-bfc497f63803",
            "parent": {
              "__typename": "File",
              "id": "99408fab-d070-5e7e-bfcd-82447147cb16"
            },
            "fields": {
              "slug": "/client-certificates/troubleshooting"
            },
            "frontmatter": {
              "title": ""
            },
            "headings": [
              {
                "value": "Troubleshooting",
                "depth": 1
              }
            ]
          }
        },
        {
          "node": {
            "id": "b6aca9c8-fc93-58e3-9fed-93b44e0b2b73",
            "parent": {
              "__typename": "File",
              "id": "ff4ede3a-9530-5863-ac53-190d705420b9"
            },
            "fields": {
              "slug": "/edge-certificates/advanced-certificate-manager"
            },
            "frontmatter": {
              "title": ""
            },
            "headings": [
              {
                "value": "Advanced Certificate Manager",
                "depth": 1
              }
            ]
          }
        },
        {
          "node": {
            "id": "780a3a66-2649-5a26-b0db-a973b1a37630",
            "parent": {
              "__typename": "File",
              "id": "f1e8c949-b222-5b94-8698-0b85c1416e2a"
            },
            "fields": {
              "slug": "/edge-certificates/certificate-transparency-monitoring"
            },
            "frontmatter": {
              "title": ""
            },
            "headings": [
              {
                "value": "Certificate transparency monitoring",
                "depth": 1
              }
            ]
          }
        },
        {
          "node": {
            "id": "f64ca309-8045-5d45-ac39-a174662491d6",
            "parent": {
              "__typename": "File",
              "id": "c462a204-3589-51cd-9a39-ebc26e0b1f8a"
            },
            "fields": {
              "slug": "/edge-certificates/http-strict-transport-security"
            },
            "frontmatter": {
              "title": ""
            },
            "headings": [
              {
                "value": "HTTP Strict Transport Security (HSTS)",
                "depth": 1
              }
            ]
          }
        },
        {
          "node": {
            "id": "d3c8641f-c7a0-5a1d-a799-ed1601922def",
            "parent": {
              "__typename": "File",
              "id": "b3f21339-0561-5225-bc3b-3717583c177b"
            },
            "fields": {
              "slug": "/edge-certificates"
            },
            "frontmatter": {
              "title": ""
            },
            "headings": [
              {
                "value": "Edge certificates",
                "depth": 1
              }
            ]
          }
        },
        {
          "node": {
            "id": "478c0792-a5a1-5754-bae4-e7be73f3cc12",
            "parent": {
              "__typename": "File",
              "id": "425977ad-10ff-559a-87c4-827b8e2f7b26"
            },
            "fields": {
              "slug": "/keyless-ssl/configuration"
            },
            "frontmatter": {
              "title": ""
            },
            "headings": [
              {
                "value": "Configuration",
                "depth": 1
              }
            ]
          }
        },
        {
          "node": {
            "id": "f31e852c-0b03-5be7-87dc-f05b665be9e7",
            "parent": {
              "__typename": "File",
              "id": "bb09feff-3f1f-585a-b3b2-815257e1b007"
            },
            "fields": {
              "slug": "/keyless-ssl/high-availability"
            },
            "frontmatter": {
              "title": ""
            },
            "headings": [
              {
                "value": "High availability",
                "depth": 1
              }
            ]
          }
        },
        {
          "node": {
            "id": "dde66c58-076f-5188-9998-fa9e0c8859c2",
            "parent": {
              "__typename": "File",
              "id": "236b61c1-f6d1-5f35-90e5-93185059a098"
            },
            "fields": {
              "slug": "/keyless-ssl"
            },
            "frontmatter": {
              "title": ""
            },
            "headings": [
              {
                "value": "Keyless SSL",
                "depth": 1
              }
            ]
          }
        },
        {
          "node": {
            "id": "e80f1c54-fff3-5a2c-8a8f-e274481f40af",
            "parent": {
              "__typename": "File",
              "id": "009c52e3-6e50-5686-b0ce-92da4b8da2ed"
            },
            "fields": {
              "slug": "/keyless-ssl/keyless-delegation"
            },
            "frontmatter": {
              "title": ""
            },
            "headings": [
              {
                "value": "Keyless delegation",
                "depth": 1
              }
            ]
          }
        },
        {
          "node": {
            "id": "3bb5f30a-1cd1-5788-b68a-8482dc73cf9b",
            "parent": {
              "__typename": "File",
              "id": "0e8275c5-5ce7-5ceb-be18-1b656faf8651"
            },
            "fields": {
              "slug": "/keyless-ssl/scaling-and-benchmarking"
            },
            "frontmatter": {
              "title": ""
            },
            "headings": [
              {
                "value": "Scaling and benchmarking",
                "depth": 1
              }
            ]
          }
        },
        {
          "node": {
            "id": "a74085ae-a525-5055-a45a-b7ef94c0a0da",
            "parent": {
              "__typename": "File",
              "id": "f24345d7-4b77-527b-9cfd-b2d25498f323"
            },
            "fields": {
              "slug": "/keyless-ssl/troubleshooting"
            },
            "frontmatter": {
              "title": ""
            },
            "headings": [
              {
                "value": "Troubleshooting",
                "depth": 1
              }
            ]
          }
        },
        {
          "node": {
            "id": "cd8098ab-cd1b-5a2e-a64c-491b6c7b73c6",
            "parent": {
              "__typename": "File",
              "id": "281f7326-f6f3-54c9-b34a-e61ecefc7855"
            },
            "fields": {
              "slug": "/keyless-ssl/upgrading-your-key-server"
            },
            "frontmatter": {
              "title": ""
            },
            "headings": [
              {
                "value": "Upgrading your key server",
                "depth": 1
              }
            ]
          }
        },
        {
          "node": {
            "id": "faee5bec-5218-57db-a893-f4ae7ebc66a1",
            "parent": {
              "__typename": "File",
              "id": "04729f0b-5725-5dcd-8fd8-56351d9f6a0e"
            },
            "fields": {
              "slug": "/mutual-authentication"
            },
            "frontmatter": {
              "title": ""
            },
            "headings": [
              {
                "value": "Mutual authentication",
                "depth": 1
              }
            ]
          }
        },
        {
          "node": {
            "id": "a2bf51ad-95bb-5e25-9a3e-5928c8371f2f",
            "parent": {
              "__typename": "File",
              "id": "fd06b051-e846-5c3a-b49e-f6be67e6511b"
            },
            "fields": {
              "slug": "/notifications"
            },
            "frontmatter": {
              "title": ""
            },
            "headings": [
              {
                "value": "Notifications",
                "depth": 1
              }
            ]
          }
        },
        {
          "node": {
            "id": "f0f96a9e-5188-5202-ba06-fbc76c58304b",
            "parent": {
              "__typename": "File",
              "id": "7d327781-7d48-5c43-98cd-302e9e9129af"
            },
            "fields": {
              "slug": "/origin-configuration/authenticated-origin-pull"
            },
            "frontmatter": {
              "title": ""
            },
            "headings": [
              {
                "value": "Authenticated origin pull",
                "depth": 1
              }
            ]
          }
        },
        {
          "node": {
            "id": "f38b3991-6953-590d-beca-41356e052dfc",
            "parent": {
              "__typename": "File",
              "id": "741c6f5f-5355-5726-bce0-ad77b6f0df26"
            },
            "fields": {
              "slug": "/origin-configuration/cipher-suites"
            },
            "frontmatter": {
              "title": ""
            },
            "headings": [
              {
                "value": "Cipher suites",
                "depth": 1
              }
            ]
          }
        },
        {
          "node": {
            "id": "2ecd2bdc-e0e8-5be5-b55d-b7e4fe07104c",
            "parent": {
              "__typename": "File",
              "id": "0a4ecf7a-b8ca-5fa3-89e6-2fc2e4560123"
            },
            "fields": {
              "slug": "/origin-configuration"
            },
            "frontmatter": {
              "title": "Origin server"
            },
            "headings": [
              {
                "value": "Origin server",
                "depth": 1
              }
            ]
          }
        },
        {
          "node": {
            "id": "3011568a-93b9-5da7-8235-9aa52ba64ae8",
            "parent": {
              "__typename": "File",
              "id": "c56c0d4d-395f-5790-a4d8-472f82e596bf"
            },
            "fields": {
              "slug": "/origin-configuration/origin-ca"
            },
            "frontmatter": {
              "title": "Origin CA certificates"
            },
            "headings": [
              {
                "value": "Managing Cloudflare Origin CA certificates",
                "depth": 1
              }
            ]
          }
        },
        {
          "node": {
            "id": "0b0ab739-3409-58fb-b034-04c51b868c15",
            "parent": {
              "__typename": "File",
              "id": "d3414f08-a483-5d1e-b6e6-1bedd7d9bde3"
            },
            "fields": {
              "slug": "/origin-configuration/ssl-modes"
            },
            "frontmatter": {
              "title": ""
            },
            "headings": [
              {
                "value": "SSL modes",
                "depth": 1
              }
            ]
          }
        },
        {
          "node": {
            "id": "b56cd428-debb-5609-a9de-006c56e69af3",
            "parent": {
              "__typename": "File",
              "id": "f60268f9-54a1-5263-8ec4-ae123918600c"
            },
            "fields": {
              "slug": "/ssl-for-saas/certificate-signing-requests"
            },
            "frontmatter": {
              "title": ""
            },
            "headings": [
              {
                "value": "Certificate signing requests",
                "depth": 1
              }
            ]
          }
        },
        {
          "node": {
            "id": "3596aa85-32d2-52fb-aa7a-4a7be5798391",
            "parent": {
              "__typename": "File",
              "id": "9c975ec1-e367-5172-b65b-a2486aeeb0c2"
            },
            "fields": {
              "slug": "/ssl-for-saas/certificate-validation-methods"
            },
            "frontmatter": {
              "title": ""
            },
            "headings": [
              {
                "value": "Certificate validation methods",
                "depth": 1
              }
            ]
          }
        },
        {
          "node": {
            "id": "e0e0b108-f69a-58a3-a802-bc4b5e2b3cd7",
            "parent": {
              "__typename": "File",
              "id": "b98407f6-c521-5eb7-ab6d-0a6bc45ed85f"
            },
            "fields": {
              "slug": "/ssl-for-saas/common-api-calls"
            },
            "frontmatter": {
              "title": ""
            },
            "headings": [
              {
                "value": "Common API calls",
                "depth": 1
              }
            ]
          }
        },
        {
          "node": {
            "id": "a670527d-2ef1-571f-8024-9f92b6d5eaee",
            "parent": {
              "__typename": "File",
              "id": "f205ad64-d145-5920-b298-ba7793e6cc73"
            },
            "fields": {
              "slug": "/ssl-for-saas/getting-started"
            },
            "frontmatter": {
              "title": ""
            },
            "headings": [
              {
                "value": "Getting started",
                "depth": 1
              }
            ]
          }
        },
        {
          "node": {
            "id": "49098744-1a8a-50de-a20a-5a9d8123926f",
            "parent": {
              "__typename": "File",
              "id": "79f30e96-694c-5b3f-b4f7-faa951a190fb"
            },
            "fields": {
              "slug": "/ssl-for-saas/hostname-verification-backoff-schedule"
            },
            "frontmatter": {
              "title": ""
            },
            "headings": [
              {
                "value": "Hostname verification backoff schedule",
                "depth": 1
              }
            ]
          }
        },
        {
          "node": {
            "id": "5551c372-4887-5dd1-82a7-e281649da51b",
            "parent": {
              "__typename": "File",
              "id": "6ec345cb-26d9-5fa1-9150-7ad8ed22cf47"
            },
            "fields": {
              "slug": "/ssl-for-saas/hostname-verification"
            },
            "frontmatter": {
              "title": ""
            },
            "headings": [
              {
                "value": "Hostname verification",
                "depth": 1
              }
            ]
          }
        },
        {
          "node": {
            "id": "646c6697-16ca-56bf-8fc1-7a2928edfafe",
            "parent": {
              "__typename": "File",
              "id": "051a6c07-9c46-5c17-a836-90d6f6650fce"
            },
            "fields": {
              "slug": "/ssl-for-saas"
            },
            "frontmatter": {
              "title": ""
            },
            "headings": [
              {
                "value": "SSL for SaaS",
                "depth": 1
              }
            ]
          }
        },
        {
          "node": {
            "id": "2f4c42ec-9ac6-56d2-b158-8f7f1d8ce9a1",
            "parent": {
              "__typename": "File",
              "id": "66efb18c-b5c6-563e-bdf4-08cd2f09ccf4"
            },
            "fields": {
              "slug": "/ssl-for-saas/issuing-certificates"
            },
            "frontmatter": {
              "title": ""
            },
            "headings": [
              {
                "value": "Issuing certificates",
                "depth": 1
              }
            ]
          }
        },
        {
          "node": {
            "id": "1b425cd5-a457-5891-abd4-f25b9c20253f",
            "parent": {
              "__typename": "File",
              "id": "1a7536cb-a0be-53ba-8152-9d566bdaadcf"
            },
            "fields": {
              "slug": "/ssl-for-saas/troubleshooting"
            },
            "frontmatter": {
              "title": ""
            },
            "headings": [
              {
                "value": "Troubleshooting",
                "depth": 1
              }
            ]
          }
        },
        {
          "node": {
            "id": "50e579c0-ef32-5a1d-af77-2b5b36971bcd",
            "parent": {
              "__typename": "File",
              "id": "d9dbedbb-9a23-5ab5-9315-5785231a2ce5"
            },
            "fields": {
              "slug": "/ssl-for-saas/uploading-certificates"
            },
            "frontmatter": {
              "title": ""
            },
            "headings": [
              {
                "value": "Uploading certificates",
                "depth": 1
              }
            ]
          }
        },
        {
          "node": {
            "id": "01a6e63e-04c7-5746-9346-a1322c6916f1",
            "parent": {
              "__typename": "File",
              "id": "a02e6d40-dfc0-5edb-8d33-eb5fafbb23be"
            },
            "fields": {
              "slug": "/ssl-for-saas/validation-backoff-schedule"
            },
            "frontmatter": {
              "title": ""
            },
            "headings": [
              {
                "value": "Validation backoff schedule",
                "depth": 1
              }
            ]
          }
        },
        {
          "node": {
            "id": "cf47770d-a173-5f83-bc4c-8c9dfaa8b282",
            "parent": {
              "__typename": "File",
              "id": "55be6824-dd85-50c5-a72b-aaa4d42b315a"
            },
            "fields": {
              "slug": "/ssl-for-saas/versioning"
            },
            "frontmatter": {
              "title": "Deprecation - Version 1"
            },
            "headings": [
              {
                "value": "Deprecation notice for SSL for SaaS - Version 1",
                "depth": 1
              }
            ]
          }
        },
        {
          "node": {
            "id": "93a5d176-c508-5c08-a201-20d62ce15006",
            "parent": {
              "__typename": "File",
              "id": "c0565fa9-c51b-579a-8688-63c1967a64e0"
            },
            "fields": {
              "slug": "/ssl-tls/browser-compatibility"
            },
            "frontmatter": {
              "title": ""
            },
            "headings": [
              {
                "value": "Browser compatibility",
                "depth": 1
              }
            ]
          }
        },
        {
          "node": {
            "id": "586b0ef4-96c9-5f3b-a41b-e40dcd65e969",
            "parent": {
              "__typename": "File",
              "id": "3ba29f60-82b5-5eab-8e0e-570489160a60"
            },
            "fields": {
              "slug": "/ssl-tls/certificate-and-hostname-priority"
            },
            "frontmatter": {
              "title": ""
            },
            "headings": [
              {
                "value": "Certificate and hostname priority",
                "depth": 1
              }
            ]
          }
        },
        {
          "node": {
            "id": "3f3e5e5b-48f3-5601-bd22-0c57a32c2874",
            "parent": {
              "__typename": "File",
              "id": "9b0d0dcb-fc9f-52d3-9a4e-96895f8947f7"
            },
            "fields": {
              "slug": "/ssl-tls/certificate-authorities"
            },
            "frontmatter": {
              "title": ""
            },
            "headings": [
              {
                "value": "Certificate authorities",
                "depth": 1
              }
            ]
          }
        },
        {
          "node": {
            "id": "db284c52-153e-5d29-945d-884fdfd0ebc9",
            "parent": {
              "__typename": "File",
              "id": "98f822f5-d12a-5d0d-a506-0eb069cbc418"
            },
            "fields": {
              "slug": "/ssl-tls/cipher-suites"
            },
            "frontmatter": {
              "title": ""
            },
            "headings": [
              {
                "value": "Cipher suites",
                "depth": 1
              }
            ]
          }
        },
        {
          "node": {
            "id": "cfd01f44-63c1-59fd-b88a-205d89cdfc7a",
            "parent": {
              "__typename": "File",
              "id": "22fa95eb-aa21-554b-b0c4-448cf4e587c7"
            },
            "fields": {
              "slug": "/ssl-tls"
            },
            "frontmatter": {
              "title": ""
            },
            "headings": [
              {
                "value": "SSL/TLS",
                "depth": 1
              }
            ]
          }
        },
        {
          "node": {
            "id": "4a3c2aaf-8344-53c9-83b4-0dc98ec1752a",
            "parent": {
              "__typename": "File",
              "id": "f6d6db82-2cf6-57ac-b1cf-b8841a98c141"
            },
            "fields": {
              "slug": "/ssl-tls/protocols"
            },
            "frontmatter": {
              "title": ""
            },
            "headings": [
              {
                "value": "Protocols",
                "depth": 1
              }
            ]
          }
        },
        {
          "node": {
            "id": "a24d23a2-a237-5466-8b81-d4d1175f2fd6",
            "parent": {
              "__typename": "File",
              "id": "1f072d7c-37fb-5544-ba69-dc1b800e777a"
            },
            "fields": {
              "slug": "/edge-certificates/custom-certificates/bundling-methodologies"
            },
            "frontmatter": {
              "title": ""
            },
            "headings": [
              {
                "value": "Bundling methodologies",
                "depth": 1
              }
            ]
          }
        },
        {
          "node": {
            "id": "0e7963bc-2c9d-58da-944e-9552eb80c942",
            "parent": {
              "__typename": "File",
              "id": "32261140-a9b5-5e85-9146-98fb3afd9c95"
            },
            "fields": {
              "slug": "/edge-certificates/custom-certificates"
            },
            "frontmatter": {
              "title": ""
            },
            "headings": [
              {
                "value": "Custom certificates",
                "depth": 1
              }
            ]
          }
        },
        {
          "node": {
            "id": "b67f6763-f575-5130-8873-32eb89459297",
            "parent": {
              "__typename": "File",
              "id": "4f5d2270-4858-5e95-8db8-9f1602626052"
            },
            "fields": {
              "slug": "/edge-certificates/custom-certificates/renewing"
            },
            "frontmatter": {
              "title": ""
            },
            "headings": [
              {
                "value": "Renewing",
                "depth": 1
              }
            ]
          }
        },
        {
          "node": {
            "id": "54009a74-73ff-5edd-ae2d-8179b3fc5d09",
            "parent": {
              "__typename": "File",
              "id": "cdebe2bf-9e7c-5745-b987-e4c457455be9"
            },
            "fields": {
              "slug": "/edge-certificates/custom-certificates/uploading"
            },
            "frontmatter": {
              "title": ""
            },
            "headings": [
              {
                "value": "Uploading",
                "depth": 1
              }
            ]
          }
        },
        {
          "node": {
            "id": "bf76252e-bfa7-56b9-bcbf-a4a3edc4f227",
            "parent": {
              "__typename": "File",
              "id": "47ad7781-0b8f-5116-9f47-7377560bf5ad"
            },
            "fields": {
              "slug": "/edge-certificates/universal-ssl/changing-dcv-method"
            },
            "frontmatter": {
              "title": ""
            },
            "headings": [
              {
                "value": "Change DCV method",
                "depth": 1
              }
            ]
          }
        },
        {
          "node": {
            "id": "c803766e-18c4-5f1c-8b35-1948ed46ba1e",
            "parent": {
              "__typename": "File",
              "id": "0e2e608d-1ae0-5135-9278-74c56fe25ee4"
            },
            "fields": {
              "slug": "/edge-certificates/universal-ssl/disable-universal-ssl"
            },
            "frontmatter": {
              "title": "Disable Universal SSL"
            },
            "headings": [
              {
                "value": "How do I disable Universal SSL?",
                "depth": 1
              }
            ]
          }
        },
        {
          "node": {
            "id": "191354ce-2bd5-55b1-b91b-a3f78f6dfd7d",
            "parent": {
              "__typename": "File",
              "id": "e1c8c8ce-2929-51ff-81e8-e84ec0286e2e"
            },
            "fields": {
              "slug": "/edge-certificates/universal-ssl/enable-universal-ssl"
            },
            "frontmatter": {
              "title": ""
            },
            "headings": [
              {
                "value": "Enable Universal SSL",
                "depth": 1
              }
            ]
          }
        },
        {
          "node": {
            "id": "c7b1ff24-0858-5ffd-a070-c868c4366f8f",
            "parent": {
              "__typename": "File",
              "id": "24c37c27-c59d-5f45-968a-99aa6143f3d2"
            },
            "fields": {
              "slug": "/edge-certificates/universal-ssl"
            },
            "frontmatter": {
              "title": ""
            },
            "headings": [
              {
                "value": "Universal SSL",
                "depth": 1
              }
            ]
          }
        },
        {
          "node": {
            "id": "7644cacf-b6ad-515a-bea8-dbb5f316d9a8",
            "parent": {
              "__typename": "File",
              "id": "9d658001-126a-5adb-9d1e-3f43cbcb3160"
            },
            "fields": {
              "slug": "/edge-certificates/universal-ssl/limitations"
            },
            "frontmatter": {
              "title": "Limitations"
            },
            "headings": [
              {
                "value": "Limitations for Universal SSL",
                "depth": 1
              }
            ]
          }
        },
        {
          "node": {
            "id": "11d43415-ea80-5967-877a-82dbf095fcf8",
            "parent": {
              "__typename": "File",
              "id": "4984e81e-e710-5dc4-848b-91effd2afda9"
            },
            "fields": {
              "slug": "/keyless-ssl/hardware-security-modules/aws-cloud-hsm"
            },
            "frontmatter": {
              "title": ""
            },
            "headings": [
              {
                "value": "AWS cloud HSM",
                "depth": 1
              }
            ]
          }
        },
        {
          "node": {
            "id": "c92d1ef9-90b7-53f2-b312-792d2959b34d",
            "parent": {
              "__typename": "File",
              "id": "b239f046-8e08-5670-b027-cdd6a15d53dd"
            },
            "fields": {
              "slug": "/keyless-ssl/hardware-security-modules/azure-dedicated-hsm"
            },
            "frontmatter": {
              "title": ""
            },
            "headings": [
              {
                "value": "Azure Dedicated HSM",
                "depth": 1
              }
            ]
          }
        },
        {
          "node": {
            "id": "de8af702-73c8-5fcf-bbac-1de547964754",
            "parent": {
              "__typename": "File",
              "id": "9c09e7de-0df0-53a6-9a47-a68e025def48"
            },
            "fields": {
              "slug": "/keyless-ssl/hardware-security-modules/azure-managed-hsm"
            },
            "frontmatter": {
              "title": ""
            },
            "headings": [
              {
                "value": "Azure Managed HSM",
                "depth": 1
              }
            ]
          }
        },
        {
          "node": {
            "id": "4b49d888-a0ba-5571-bd91-5e8dc8199c72",
            "parent": {
              "__typename": "File",
              "id": "7ef06fb8-9974-5d9d-aa2f-454df21e6a02"
            },
            "fields": {
              "slug": "/keyless-ssl/hardware-security-modules/entrust-nshield-connect"
            },
            "frontmatter": {
              "title": ""
            },
            "headings": [
              {
                "value": "Entrust nShield Connect",
                "depth": 1
              }
            ]
          }
        },
        {
          "node": {
            "id": "9a4d851f-f892-5ede-a950-b4e011c4c62e",
            "parent": {
              "__typename": "File",
              "id": "78772b3c-ce48-5c8c-acf5-c7e69fff3dda"
            },
            "fields": {
              "slug": "/keyless-ssl/hardware-security-modules/google-cloud-hsm"
            },
            "frontmatter": {
              "title": ""
            },
            "headings": [
              {
                "value": "Google Cloud HSM",
                "depth": 1
              }
            ]
          }
        },
        {
          "node": {
            "id": "d91dabf3-9180-54e7-91e0-d7cea31b0e06",
            "parent": {
              "__typename": "File",
              "id": "1b9137ad-460b-530e-b96b-fb4ea64bf640"
            },
            "fields": {
              "slug": "/keyless-ssl/hardware-security-modules/ibm-cloud-hsm"
            },
            "frontmatter": {
              "title": ""
            },
            "headings": [
              {
                "value": "IBM cloud HSM",
                "depth": 1
              }
            ]
          }
        },
        {
          "node": {
            "id": "1fb5f5e5-6ff6-505c-95fa-db4f7bafdec8",
            "parent": {
              "__typename": "File",
              "id": "4848cd3b-c0c9-5ce2-8657-f8d262b1b50a"
            },
            "fields": {
              "slug": "/keyless-ssl/hardware-security-modules"
            },
            "frontmatter": {
              "title": ""
            },
            "headings": [
              {
                "value": "Hardware security modules",
                "depth": 1
              }
            ]
          }
        },
        {
          "node": {
            "id": "86e1c3ed-0b21-5b22-b1c3-6117f0f8f4f4",
            "parent": {
              "__typename": "File",
              "id": "afd3d032-043d-5b39-afcd-0475c485b38a"
            },
            "fields": {
              "slug": "/keyless-ssl/hardware-security-modules/softhsmv2"
            },
            "frontmatter": {
              "title": ""
            },
            "headings": [
              {
                "value": "SoftHSMv2",
                "depth": 1
              }
            ]
          }
        },
        {
          "node": {
            "id": "ebeac59f-416b-5d2c-abe0-d21beb1cc433",
            "parent": {
              "__typename": "File",
              "id": "477a1066-fbf1-5a87-acc3-784cb4e01da8"
            },
            "fields": {
              "slug": "/ssl-for-saas/hostname-specific-behavior/connection-details"
            },
            "frontmatter": {
              "title": ""
            },
            "headings": [
              {
                "value": "Connection request details",
                "depth": 1
              }
            ]
          }
        },
        {
          "node": {
            "id": "e16f332f-7f34-5298-a979-1de7be8d4e3a",
            "parent": {
              "__typename": "File",
              "id": "f20d7d9d-4f43-575b-aa45-c88ee8bf5b75"
            },
            "fields": {
              "slug": "/ssl-for-saas/hostname-specific-behavior/custom-metadata"
            },
            "frontmatter": {
              "title": ""
            },
            "headings": [
              {
                "value": "Custom metadata",
                "depth": 1
              }
            ]
          }
        },
        {
          "node": {
            "id": "7abcb163-7e49-5666-ab7e-eaee1e409ec7",
            "parent": {
              "__typename": "File",
              "id": "b6bfd841-5e61-5675-8443-1ccbbd6237a3"
            },
            "fields": {
              "slug": "/ssl-for-saas/hostname-specific-behavior"
            },
            "frontmatter": {
              "title": ""
            },
            "headings": [
              {
                "value": "Hostname specific behavior",
                "depth": 1
              }
            ]
          }
        },
        {
          "node": {
            "id": "53e5bea2-e33d-5d65-a6cc-339040d4a4ac",
            "parent": {
              "__typename": "File",
              "id": "964b3383-d2e7-59a5-8e5b-e0d946b6580b"
            },
            "fields": {
              "slug": "/ssl-for-saas/status-codes/certificate-authority-specific"
            },
            "frontmatter": {
              "title": ""
            },
            "headings": [
              {
                "value": "Certificate authority specific",
                "depth": 1
              }
            ]
          }
        },
        {
          "node": {
            "id": "e5f67c7b-f99c-522b-982b-aeaad027b3b0",
            "parent": {
              "__typename": "File",
              "id": "e27a46fd-cd0e-5ea0-9882-8a104a46c343"
            },
            "fields": {
              "slug": "/ssl-for-saas/status-codes/custom-csrs"
            },
            "frontmatter": {
              "title": "Custom CSRs"
            },
            "headings": [
              {
                "value": "Custom Certificate Signing Requests",
                "depth": 1
              }
            ]
          }
        },
        {
          "node": {
            "id": "9e727e2f-744b-546e-ba22-d12b8bc2868a",
            "parent": {
              "__typename": "File",
              "id": "92cbf648-f23c-5293-b154-9b394e286056"
            },
            "fields": {
              "slug": "/ssl-for-saas/status-codes/custom-hostnames"
            },
            "frontmatter": {
              "title": ""
            },
            "headings": [
              {
                "value": "Custom hostnames",
                "depth": 1
              }
            ]
          }
        },
        {
          "node": {
            "id": "69dd61bf-f461-58fc-b2b9-d061deae4893",
            "parent": {
              "__typename": "File",
              "id": "f0e3cfd5-c994-59bb-99b6-77dce4896e7d"
            },
            "fields": {
              "slug": "/ssl-for-saas/status-codes"
            },
            "frontmatter": {
              "title": ""
            },
            "headings": [
              {
                "value": "Status codes",
                "depth": 1
              }
            ]
          }
        }
      ]
    }
  }
}