{
  "data": {
    "site": {
      "siteMetadata": {
        "title": "Cloudflare SSL docs",
        "description": "Encrypting as much web traffic as possible to prevent data theft and other tampering is a critical step toward building a safer, better Internet. We’re proud to be the first Internet performance and security company to offer SSL protection free of charge.",
        "author": "@cloudflare",
        "image": "https://www.cloudflare.com/img/cf-twitter-card.png"
      }
    }
  }
}