{
  "data": {
    "allMdx": {
      "edges": [
        {
          "node": {
            "id": "38139070-47f7-5691-b410-897599f1b059",
            "fields": {
              "slug": "/"
            },
            "frontmatter": {
              "title": "Welcome",
              "type": null,
              "order": 0,
              "hidden": null,
              "hideChildren": null,
              "breadcrumbs": null
            },
            "headings": [
              {
                "value": "Cloudflare SSL documentation",
                "depth": 1
              }
            ]
          }
        },
        {
          "node": {
            "id": "5723ab69-1dc0-50b8-b36d-ada4a59cc8da",
            "fields": {
              "slug": "/client-certificates/configure-your-mobile-app-or-iot-device"
            },
            "frontmatter": {
              "title": "",
              "type": null,
              "order": 3,
              "hidden": null,
              "hideChildren": null,
              "breadcrumbs": null
            },
            "headings": [
              {
                "value": "Configure your mobile app or IoT device",
                "depth": 1
              }
            ]
          }
        },
        {
          "node": {
            "id": "9cbb6245-3ad8-59d1-be0b-cf5a8b077406",
            "fields": {
              "slug": "/client-certificates/create-a-client-certificate"
            },
            "frontmatter": {
              "title": "",
              "type": null,
              "order": 2,
              "hidden": null,
              "hideChildren": null,
              "breadcrumbs": null
            },
            "headings": [
              {
                "value": "Create a client certificate",
                "depth": 1
              }
            ]
          }
        },
        {
          "node": {
            "id": "c6320ff2-cc5c-5cb6-9759-7d3cd242edfe",
            "fields": {
              "slug": "/client-certificates/enable-mtls"
            },
            "frontmatter": {
              "title": "",
              "type": null,
              "order": 4,
              "hidden": null,
              "hideChildren": null,
              "breadcrumbs": null
            },
            "headings": [
              {
                "value": "Enable mTLS",
                "depth": 1
              }
            ]
          }
        },
        {
          "node": {
            "id": "2a0b9436-f7fc-5b14-aa50-a78c61aa2b93",
            "fields": {
              "slug": "/client-certificates"
            },
            "frontmatter": {
              "title": "",
              "type": null,
              "order": 3,
              "hidden": null,
              "hideChildren": null,
              "breadcrumbs": null
            },
            "headings": [
              {
                "value": "Client certificates",
                "depth": 1
              }
            ]
          }
        },
        {
          "node": {
            "id": "f73634e3-e5e6-5cd1-a813-f9e648fb9bdb",
            "fields": {
              "slug": "/client-certificates/revoke-client-certificate"
            },
            "frontmatter": {
              "title": "",
              "type": null,
              "order": 5,
              "hidden": null,
              "hideChildren": null,
              "breadcrumbs": null
            },
            "headings": [
              {
                "value": "Revoke a client certificate",
                "depth": 1
              }
            ]
          }
        },
        {
          "node": {
            "id": "1c83ce02-1a47-50eb-a966-bfc497f63803",
            "fields": {
              "slug": "/client-certificates/troubleshooting"
            },
            "frontmatter": {
              "title": "",
              "type": null,
              "order": 6,
              "hidden": null,
              "hideChildren": null,
              "breadcrumbs": null
            },
            "headings": [
              {
                "value": "Troubleshooting",
                "depth": 1
              }
            ]
          }
        },
        {
          "node": {
            "id": "b6aca9c8-fc93-58e3-9fed-93b44e0b2b73",
            "fields": {
              "slug": "/edge-certificates/advanced-certificate-manager"
            },
            "frontmatter": {
              "title": "",
              "type": "overview",
              "order": 1,
              "hidden": null,
              "hideChildren": null,
              "breadcrumbs": null
            },
            "headings": [
              {
                "value": "Advanced Certificate Manager",
                "depth": 1
              }
            ]
          }
        },
        {
          "node": {
            "id": "780a3a66-2649-5a26-b0db-a973b1a37630",
            "fields": {
              "slug": "/edge-certificates/certificate-transparency-monitoring"
            },
            "frontmatter": {
              "title": "",
              "type": null,
              "order": 2,
              "hidden": null,
              "hideChildren": null,
              "breadcrumbs": null
            },
            "headings": [
              {
                "value": "Certificate transparency monitoring",
                "depth": 1
              }
            ]
          }
        },
        {
          "node": {
            "id": "f64ca309-8045-5d45-ac39-a174662491d6",
            "fields": {
              "slug": "/edge-certificates/http-strict-transport-security"
            },
            "frontmatter": {
              "title": "",
              "type": "overview",
              "order": 3,
              "hidden": null,
              "hideChildren": null,
              "breadcrumbs": null
            },
            "headings": [
              {
                "value": "HTTP Strict Transport Security (HSTS)",
                "depth": 1
              }
            ]
          }
        },
        {
          "node": {
            "id": "d3c8641f-c7a0-5a1d-a799-ed1601922def",
            "fields": {
              "slug": "/edge-certificates"
            },
            "frontmatter": {
              "title": "",
              "type": null,
              "order": 2,
              "hidden": null,
              "hideChildren": null,
              "breadcrumbs": null
            },
            "headings": [
              {
                "value": "Edge certificates",
                "depth": 1
              }
            ]
          }
        },
        {
          "node": {
            "id": "478c0792-a5a1-5754-bae4-e7be73f3cc12",
            "fields": {
              "slug": "/keyless-ssl/configuration"
            },
            "frontmatter": {
              "title": "",
              "type": null,
              "order": 0,
              "hidden": null,
              "hideChildren": null,
              "breadcrumbs": null
            },
            "headings": [
              {
                "value": "Configuration",
                "depth": 1
              }
            ]
          }
        },
        {
          "node": {
            "id": "f31e852c-0b03-5be7-87dc-f05b665be9e7",
            "fields": {
              "slug": "/keyless-ssl/high-availability"
            },
            "frontmatter": {
              "title": "",
              "type": null,
              "order": 2,
              "hidden": null,
              "hideChildren": null,
              "breadcrumbs": null
            },
            "headings": [
              {
                "value": "High availability",
                "depth": 1
              }
            ]
          }
        },
        {
          "node": {
            "id": "dde66c58-076f-5188-9998-fa9e0c8859c2",
            "fields": {
              "slug": "/keyless-ssl"
            },
            "frontmatter": {
              "title": "",
              "type": null,
              "order": 5,
              "hidden": null,
              "hideChildren": null,
              "breadcrumbs": null
            },
            "headings": [
              {
                "value": "Keyless SSL",
                "depth": 1
              }
            ]
          }
        },
        {
          "node": {
            "id": "e80f1c54-fff3-5a2c-8a8f-e274481f40af",
            "fields": {
              "slug": "/keyless-ssl/keyless-delegation"
            },
            "frontmatter": {
              "title": "",
              "type": null,
              "order": 6,
              "hidden": null,
              "hideChildren": null,
              "breadcrumbs": null
            },
            "headings": [
              {
                "value": "Keyless delegation",
                "depth": 1
              }
            ]
          }
        },
        {
          "node": {
            "id": "3bb5f30a-1cd1-5788-b68a-8482dc73cf9b",
            "fields": {
              "slug": "/keyless-ssl/scaling-and-benchmarking"
            },
            "frontmatter": {
              "title": "",
              "type": null,
              "order": 3,
              "hidden": null,
              "hideChildren": null,
              "breadcrumbs": null
            },
            "headings": [
              {
                "value": "Scaling and benchmarking",
                "depth": 1
              }
            ]
          }
        },
        {
          "node": {
            "id": "a74085ae-a525-5055-a45a-b7ef94c0a0da",
            "fields": {
              "slug": "/keyless-ssl/troubleshooting"
            },
            "frontmatter": {
              "title": "",
              "type": null,
              "order": 4,
              "hidden": null,
              "hideChildren": null,
              "breadcrumbs": null
            },
            "headings": [
              {
                "value": "Troubleshooting",
                "depth": 1
              }
            ]
          }
        },
        {
          "node": {
            "id": "cd8098ab-cd1b-5a2e-a64c-491b6c7b73c6",
            "fields": {
              "slug": "/keyless-ssl/upgrading-your-key-server"
            },
            "frontmatter": {
              "title": "",
              "type": null,
              "order": 5,
              "hidden": null,
              "hideChildren": null,
              "breadcrumbs": null
            },
            "headings": [
              {
                "value": "Upgrading your key server",
                "depth": 1
              }
            ]
          }
        },
        {
          "node": {
            "id": "faee5bec-5218-57db-a893-f4ae7ebc66a1",
            "fields": {
              "slug": "/mutual-authentication"
            },
            "frontmatter": {
              "title": "",
              "type": null,
              "order": 6,
              "hidden": null,
              "hideChildren": null,
              "breadcrumbs": null
            },
            "headings": [
              {
                "value": "Mutual authentication",
                "depth": 1
              }
            ]
          }
        },
        {
          "node": {
            "id": "a2bf51ad-95bb-5e25-9a3e-5928c8371f2f",
            "fields": {
              "slug": "/notifications"
            },
            "frontmatter": {
              "title": "",
              "type": null,
              "order": 200,
              "hidden": null,
              "hideChildren": null,
              "breadcrumbs": null
            },
            "headings": [
              {
                "value": "Notifications",
                "depth": 1
              }
            ]
          }
        },
        {
          "node": {
            "id": "f0f96a9e-5188-5202-ba06-fbc76c58304b",
            "fields": {
              "slug": "/origin-configuration/authenticated-origin-pull"
            },
            "frontmatter": {
              "title": "",
              "type": null,
              "order": 3,
              "hidden": null,
              "hideChildren": null,
              "breadcrumbs": null
            },
            "headings": [
              {
                "value": "Authenticated origin pull",
                "depth": 1
              }
            ]
          }
        },
        {
          "node": {
            "id": "f38b3991-6953-590d-beca-41356e052dfc",
            "fields": {
              "slug": "/origin-configuration/cipher-suites"
            },
            "frontmatter": {
              "title": "",
              "type": null,
              "order": 1,
              "hidden": null,
              "hideChildren": null,
              "breadcrumbs": null
            },
            "headings": [
              {
                "value": "Cipher suites",
                "depth": 1
              }
            ]
          }
        },
        {
          "node": {
            "id": "2ecd2bdc-e0e8-5be5-b55d-b7e4fe07104c",
            "fields": {
              "slug": "/origin-configuration"
            },
            "frontmatter": {
              "title": "Origin server",
              "type": null,
              "order": 7,
              "hidden": null,
              "hideChildren": null,
              "breadcrumbs": null
            },
            "headings": [
              {
                "value": "Origin server",
                "depth": 1
              }
            ]
          }
        },
        {
          "node": {
            "id": "3011568a-93b9-5da7-8235-9aa52ba64ae8",
            "fields": {
              "slug": "/origin-configuration/origin-ca"
            },
            "frontmatter": {
              "title": "Origin CA certificates",
              "type": null,
              "order": 3,
              "hidden": null,
              "hideChildren": null,
              "breadcrumbs": null
            },
            "headings": [
              {
                "value": "Managing Cloudflare Origin CA certificates",
                "depth": 1
              }
            ]
          }
        },
        {
          "node": {
            "id": "0b0ab739-3409-58fb-b034-04c51b868c15",
            "fields": {
              "slug": "/origin-configuration/ssl-modes"
            },
            "frontmatter": {
              "title": "",
              "type": null,
              "order": 2,
              "hidden": null,
              "hideChildren": null,
              "breadcrumbs": null
            },
            "headings": [
              {
                "value": "SSL modes",
                "depth": 1
              }
            ]
          }
        },
        {
          "node": {
            "id": "b56cd428-debb-5609-a9de-006c56e69af3",
            "fields": {
              "slug": "/ssl-for-saas/certificate-signing-requests"
            },
            "frontmatter": {
              "title": "",
              "type": null,
              "order": 6,
              "hidden": null,
              "hideChildren": null,
              "breadcrumbs": null
            },
            "headings": [
              {
                "value": "Certificate signing requests",
                "depth": 1
              }
            ]
          }
        },
        {
          "node": {
            "id": "3596aa85-32d2-52fb-aa7a-4a7be5798391",
            "fields": {
              "slug": "/ssl-for-saas/certificate-validation-methods"
            },
            "frontmatter": {
              "title": "",
              "type": null,
              "order": 3,
              "hidden": null,
              "hideChildren": null,
              "breadcrumbs": null
            },
            "headings": [
              {
                "value": "Certificate validation methods",
                "depth": 1
              }
            ]
          }
        },
        {
          "node": {
            "id": "e0e0b108-f69a-58a3-a802-bc4b5e2b3cd7",
            "fields": {
              "slug": "/ssl-for-saas/common-api-calls"
            },
            "frontmatter": {
              "title": "",
              "type": null,
              "order": 9,
              "hidden": null,
              "hideChildren": null,
              "breadcrumbs": null
            },
            "headings": [
              {
                "value": "Common API calls",
                "depth": 1
              }
            ]
          }
        },
        {
          "node": {
            "id": "a670527d-2ef1-571f-8024-9f92b6d5eaee",
            "fields": {
              "slug": "/ssl-for-saas/getting-started"
            },
            "frontmatter": {
              "title": "",
              "type": null,
              "order": 0,
              "hidden": null,
              "hideChildren": null,
              "breadcrumbs": null
            },
            "headings": [
              {
                "value": "Getting started",
                "depth": 1
              }
            ]
          }
        },
        {
          "node": {
            "id": "49098744-1a8a-50de-a20a-5a9d8123926f",
            "fields": {
              "slug": "/ssl-for-saas/hostname-verification-backoff-schedule"
            },
            "frontmatter": {
              "title": "",
              "type": null,
              "order": 8,
              "hidden": null,
              "hideChildren": null,
              "breadcrumbs": null
            },
            "headings": [
              {
                "value": "Hostname verification backoff schedule",
                "depth": 1
              }
            ]
          }
        },
        {
          "node": {
            "id": "5551c372-4887-5dd1-82a7-e281649da51b",
            "fields": {
              "slug": "/ssl-for-saas/hostname-verification"
            },
            "frontmatter": {
              "title": "",
              "type": null,
              "order": 4,
              "hidden": null,
              "hideChildren": null,
              "breadcrumbs": null
            },
            "headings": [
              {
                "value": "Hostname verification",
                "depth": 1
              }
            ]
          }
        },
        {
          "node": {
            "id": "646c6697-16ca-56bf-8fc1-7a2928edfafe",
            "fields": {
              "slug": "/ssl-for-saas"
            },
            "frontmatter": {
              "title": "",
              "type": null,
              "order": 8,
              "hidden": null,
              "hideChildren": null,
              "breadcrumbs": null
            },
            "headings": [
              {
                "value": "SSL for SaaS",
                "depth": 1
              }
            ]
          }
        },
        {
          "node": {
            "id": "2f4c42ec-9ac6-56d2-b158-8f7f1d8ce9a1",
            "fields": {
              "slug": "/ssl-for-saas/issuing-certificates"
            },
            "frontmatter": {
              "title": "",
              "type": null,
              "order": 2,
              "hidden": null,
              "hideChildren": null,
              "breadcrumbs": null
            },
            "headings": [
              {
                "value": "Issuing certificates",
                "depth": 1
              }
            ]
          }
        },
        {
          "node": {
            "id": "1b425cd5-a457-5891-abd4-f25b9c20253f",
            "fields": {
              "slug": "/ssl-for-saas/troubleshooting"
            },
            "frontmatter": {
              "title": "",
              "type": null,
              "order": 10,
              "hidden": null,
              "hideChildren": null,
              "breadcrumbs": null
            },
            "headings": [
              {
                "value": "Troubleshooting",
                "depth": 1
              }
            ]
          }
        },
        {
          "node": {
            "id": "50e579c0-ef32-5a1d-af77-2b5b36971bcd",
            "fields": {
              "slug": "/ssl-for-saas/uploading-certificates"
            },
            "frontmatter": {
              "title": "",
              "type": null,
              "order": 5,
              "hidden": null,
              "hideChildren": null,
              "breadcrumbs": null
            },
            "headings": [
              {
                "value": "Uploading certificates",
                "depth": 1
              }
            ]
          }
        },
        {
          "node": {
            "id": "01a6e63e-04c7-5746-9346-a1322c6916f1",
            "fields": {
              "slug": "/ssl-for-saas/validation-backoff-schedule"
            },
            "frontmatter": {
              "title": "",
              "type": null,
              "order": 7,
              "hidden": null,
              "hideChildren": null,
              "breadcrumbs": null
            },
            "headings": [
              {
                "value": "Validation backoff schedule",
                "depth": 1
              }
            ]
          }
        },
        {
          "node": {
            "id": "cf47770d-a173-5f83-bc4c-8c9dfaa8b282",
            "fields": {
              "slug": "/ssl-for-saas/versioning"
            },
            "frontmatter": {
              "title": "Deprecation - Version 1",
              "type": null,
              "order": 10,
              "hidden": null,
              "hideChildren": null,
              "breadcrumbs": null
            },
            "headings": [
              {
                "value": "Deprecation notice for SSL for SaaS - Version 1",
                "depth": 1
              }
            ]
          }
        },
        {
          "node": {
            "id": "93a5d176-c508-5c08-a201-20d62ce15006",
            "fields": {
              "slug": "/ssl-tls/browser-compatibility"
            },
            "frontmatter": {
              "title": "",
              "type": null,
              "order": 5,
              "hidden": null,
              "hideChildren": null,
              "breadcrumbs": null
            },
            "headings": [
              {
                "value": "Browser compatibility",
                "depth": 1
              }
            ]
          }
        },
        {
          "node": {
            "id": "586b0ef4-96c9-5f3b-a41b-e40dcd65e969",
            "fields": {
              "slug": "/ssl-tls/certificate-and-hostname-priority"
            },
            "frontmatter": {
              "title": "",
              "type": null,
              "order": 3,
              "hidden": null,
              "hideChildren": null,
              "breadcrumbs": null
            },
            "headings": [
              {
                "value": "Certificate and hostname priority",
                "depth": 1
              }
            ]
          }
        },
        {
          "node": {
            "id": "3f3e5e5b-48f3-5601-bd22-0c57a32c2874",
            "fields": {
              "slug": "/ssl-tls/certificate-authorities"
            },
            "frontmatter": {
              "title": "",
              "type": null,
              "order": 4,
              "hidden": null,
              "hideChildren": null,
              "breadcrumbs": null
            },
            "headings": [
              {
                "value": "Certificate authorities",
                "depth": 1
              }
            ]
          }
        },
        {
          "node": {
            "id": "db284c52-153e-5d29-945d-884fdfd0ebc9",
            "fields": {
              "slug": "/ssl-tls/cipher-suites"
            },
            "frontmatter": {
              "title": "",
              "type": null,
              "order": 1,
              "hidden": null,
              "hideChildren": null,
              "breadcrumbs": null
            },
            "headings": [
              {
                "value": "Cipher suites",
                "depth": 1
              }
            ]
          }
        },
        {
          "node": {
            "id": "cfd01f44-63c1-59fd-b88a-205d89cdfc7a",
            "fields": {
              "slug": "/ssl-tls"
            },
            "frontmatter": {
              "title": "",
              "type": null,
              "order": 9,
              "hidden": null,
              "hideChildren": null,
              "breadcrumbs": null
            },
            "headings": [
              {
                "value": "SSL/TLS",
                "depth": 1
              }
            ]
          }
        },
        {
          "node": {
            "id": "4a3c2aaf-8344-53c9-83b4-0dc98ec1752a",
            "fields": {
              "slug": "/ssl-tls/protocols"
            },
            "frontmatter": {
              "title": "",
              "type": null,
              "order": 2,
              "hidden": null,
              "hideChildren": null,
              "breadcrumbs": null
            },
            "headings": [
              {
                "value": "Protocols",
                "depth": 1
              }
            ]
          }
        },
        {
          "node": {
            "id": "a24d23a2-a237-5466-8b81-d4d1175f2fd6",
            "fields": {
              "slug": "/edge-certificates/custom-certificates/bundling-methodologies"
            },
            "frontmatter": {
              "title": "",
              "type": null,
              "order": 3,
              "hidden": null,
              "hideChildren": null,
              "breadcrumbs": null
            },
            "headings": [
              {
                "value": "Bundling methodologies",
                "depth": 1
              }
            ]
          }
        },
        {
          "node": {
            "id": "0e7963bc-2c9d-58da-944e-9552eb80c942",
            "fields": {
              "slug": "/edge-certificates/custom-certificates"
            },
            "frontmatter": {
              "title": "",
              "type": null,
              "order": 4,
              "hidden": null,
              "hideChildren": null,
              "breadcrumbs": null
            },
            "headings": [
              {
                "value": "Custom certificates",
                "depth": 1
              }
            ]
          }
        },
        {
          "node": {
            "id": "b67f6763-f575-5130-8873-32eb89459297",
            "fields": {
              "slug": "/edge-certificates/custom-certificates/renewing"
            },
            "frontmatter": {
              "title": "",
              "type": null,
              "order": 2,
              "hidden": null,
              "hideChildren": null,
              "breadcrumbs": null
            },
            "headings": [
              {
                "value": "Renewing",
                "depth": 1
              }
            ]
          }
        },
        {
          "node": {
            "id": "54009a74-73ff-5edd-ae2d-8179b3fc5d09",
            "fields": {
              "slug": "/edge-certificates/custom-certificates/uploading"
            },
            "frontmatter": {
              "title": "",
              "type": null,
              "order": 1,
              "hidden": null,
              "hideChildren": null,
              "breadcrumbs": null
            },
            "headings": [
              {
                "value": "Uploading",
                "depth": 1
              }
            ]
          }
        },
        {
          "node": {
            "id": "bf76252e-bfa7-56b9-bcbf-a4a3edc4f227",
            "fields": {
              "slug": "/edge-certificates/universal-ssl/changing-dcv-method"
            },
            "frontmatter": {
              "title": "",
              "type": null,
              "order": 2,
              "hidden": null,
              "hideChildren": null,
              "breadcrumbs": null
            },
            "headings": [
              {
                "value": "Change DCV method",
                "depth": 1
              }
            ]
          }
        },
        {
          "node": {
            "id": "c803766e-18c4-5f1c-8b35-1948ed46ba1e",
            "fields": {
              "slug": "/edge-certificates/universal-ssl/disable-universal-ssl"
            },
            "frontmatter": {
              "title": "Disable Universal SSL",
              "type": null,
              "order": 3,
              "hidden": null,
              "hideChildren": null,
              "breadcrumbs": null
            },
            "headings": [
              {
                "value": "How do I disable Universal SSL?",
                "depth": 1
              }
            ]
          }
        },
        {
          "node": {
            "id": "191354ce-2bd5-55b1-b91b-a3f78f6dfd7d",
            "fields": {
              "slug": "/edge-certificates/universal-ssl/enable-universal-ssl"
            },
            "frontmatter": {
              "title": "",
              "type": null,
              "order": 1,
              "hidden": null,
              "hideChildren": null,
              "breadcrumbs": null
            },
            "headings": [
              {
                "value": "Enable Universal SSL",
                "depth": 1
              }
            ]
          }
        },
        {
          "node": {
            "id": "c7b1ff24-0858-5ffd-a070-c868c4366f8f",
            "fields": {
              "slug": "/edge-certificates/universal-ssl"
            },
            "frontmatter": {
              "title": "",
              "type": null,
              "order": 0,
              "hidden": null,
              "hideChildren": null,
              "breadcrumbs": null
            },
            "headings": [
              {
                "value": "Universal SSL",
                "depth": 1
              }
            ]
          }
        },
        {
          "node": {
            "id": "7644cacf-b6ad-515a-bea8-dbb5f316d9a8",
            "fields": {
              "slug": "/edge-certificates/universal-ssl/limitations"
            },
            "frontmatter": {
              "title": "Limitations",
              "type": null,
              "order": 3,
              "hidden": null,
              "hideChildren": null,
              "breadcrumbs": null
            },
            "headings": [
              {
                "value": "Limitations for Universal SSL",
                "depth": 1
              }
            ]
          }
        },
        {
          "node": {
            "id": "11d43415-ea80-5967-877a-82dbf095fcf8",
            "fields": {
              "slug": "/keyless-ssl/hardware-security-modules/aws-cloud-hsm"
            },
            "frontmatter": {
              "title": "",
              "type": null,
              "order": 1,
              "hidden": null,
              "hideChildren": null,
              "breadcrumbs": null
            },
            "headings": [
              {
                "value": "AWS cloud HSM",
                "depth": 1
              }
            ]
          }
        },
        {
          "node": {
            "id": "c92d1ef9-90b7-53f2-b312-792d2959b34d",
            "fields": {
              "slug": "/keyless-ssl/hardware-security-modules/azure-dedicated-hsm"
            },
            "frontmatter": {
              "title": "",
              "type": null,
              "order": 2,
              "hidden": null,
              "hideChildren": null,
              "breadcrumbs": null
            },
            "headings": [
              {
                "value": "Azure Dedicated HSM",
                "depth": 1
              }
            ]
          }
        },
        {
          "node": {
            "id": "de8af702-73c8-5fcf-bbac-1de547964754",
            "fields": {
              "slug": "/keyless-ssl/hardware-security-modules/azure-managed-hsm"
            },
            "frontmatter": {
              "title": "",
              "type": null,
              "order": 3,
              "hidden": null,
              "hideChildren": null,
              "breadcrumbs": null
            },
            "headings": [
              {
                "value": "Azure Managed HSM",
                "depth": 1
              }
            ]
          }
        },
        {
          "node": {
            "id": "4b49d888-a0ba-5571-bd91-5e8dc8199c72",
            "fields": {
              "slug": "/keyless-ssl/hardware-security-modules/entrust-nshield-connect"
            },
            "frontmatter": {
              "title": "",
              "type": null,
              "order": 5,
              "hidden": null,
              "hideChildren": null,
              "breadcrumbs": null
            },
            "headings": [
              {
                "value": "Entrust nShield Connect",
                "depth": 1
              }
            ]
          }
        },
        {
          "node": {
            "id": "9a4d851f-f892-5ede-a950-b4e011c4c62e",
            "fields": {
              "slug": "/keyless-ssl/hardware-security-modules/google-cloud-hsm"
            },
            "frontmatter": {
              "title": "",
              "type": null,
              "order": 7,
              "hidden": null,
              "hideChildren": null,
              "breadcrumbs": null
            },
            "headings": [
              {
                "value": "Google Cloud HSM",
                "depth": 1
              }
            ]
          }
        },
        {
          "node": {
            "id": "d91dabf3-9180-54e7-91e0-d7cea31b0e06",
            "fields": {
              "slug": "/keyless-ssl/hardware-security-modules/ibm-cloud-hsm"
            },
            "frontmatter": {
              "title": "",
              "type": null,
              "order": 6,
              "hidden": null,
              "hideChildren": null,
              "breadcrumbs": null
            },
            "headings": [
              {
                "value": "IBM cloud HSM",
                "depth": 1
              }
            ]
          }
        },
        {
          "node": {
            "id": "1fb5f5e5-6ff6-505c-95fa-db4f7bafdec8",
            "fields": {
              "slug": "/keyless-ssl/hardware-security-modules"
            },
            "frontmatter": {
              "title": "",
              "type": null,
              "order": 1,
              "hidden": null,
              "hideChildren": null,
              "breadcrumbs": null
            },
            "headings": [
              {
                "value": "Hardware security modules",
                "depth": 1
              }
            ]
          }
        },
        {
          "node": {
            "id": "86e1c3ed-0b21-5b22-b1c3-6117f0f8f4f4",
            "fields": {
              "slug": "/keyless-ssl/hardware-security-modules/softhsmv2"
            },
            "frontmatter": {
              "title": "",
              "type": null,
              "order": 4,
              "hidden": null,
              "hideChildren": null,
              "breadcrumbs": null
            },
            "headings": [
              {
                "value": "SoftHSMv2",
                "depth": 1
              }
            ]
          }
        },
        {
          "node": {
            "id": "ebeac59f-416b-5d2c-abe0-d21beb1cc433",
            "fields": {
              "slug": "/ssl-for-saas/hostname-specific-behavior/connection-details"
            },
            "frontmatter": {
              "title": "",
              "type": null,
              "order": 2,
              "hidden": null,
              "hideChildren": null,
              "breadcrumbs": null
            },
            "headings": [
              {
                "value": "Connection request details",
                "depth": 1
              }
            ]
          }
        },
        {
          "node": {
            "id": "e16f332f-7f34-5298-a979-1de7be8d4e3a",
            "fields": {
              "slug": "/ssl-for-saas/hostname-specific-behavior/custom-metadata"
            },
            "frontmatter": {
              "title": "",
              "type": null,
              "order": 1,
              "hidden": null,
              "hideChildren": null,
              "breadcrumbs": null
            },
            "headings": [
              {
                "value": "Custom metadata",
                "depth": 1
              }
            ]
          }
        },
        {
          "node": {
            "id": "7abcb163-7e49-5666-ab7e-eaee1e409ec7",
            "fields": {
              "slug": "/ssl-for-saas/hostname-specific-behavior"
            },
            "frontmatter": {
              "title": "",
              "type": null,
              "order": 1,
              "hidden": null,
              "hideChildren": null,
              "breadcrumbs": null
            },
            "headings": [
              {
                "value": "Hostname specific behavior",
                "depth": 1
              }
            ]
          }
        },
        {
          "node": {
            "id": "53e5bea2-e33d-5d65-a6cc-339040d4a4ac",
            "fields": {
              "slug": "/ssl-for-saas/status-codes/certificate-authority-specific"
            },
            "frontmatter": {
              "title": "",
              "type": null,
              "order": 3,
              "hidden": null,
              "hideChildren": null,
              "breadcrumbs": null
            },
            "headings": [
              {
                "value": "Certificate authority specific",
                "depth": 1
              }
            ]
          }
        },
        {
          "node": {
            "id": "e5f67c7b-f99c-522b-982b-aeaad027b3b0",
            "fields": {
              "slug": "/ssl-for-saas/status-codes/custom-csrs"
            },
            "frontmatter": {
              "title": "Custom CSRs",
              "type": null,
              "order": 2,
              "hidden": null,
              "hideChildren": null,
              "breadcrumbs": null
            },
            "headings": [
              {
                "value": "Custom Certificate Signing Requests",
                "depth": 1
              }
            ]
          }
        },
        {
          "node": {
            "id": "9e727e2f-744b-546e-ba22-d12b8bc2868a",
            "fields": {
              "slug": "/ssl-for-saas/status-codes/custom-hostnames"
            },
            "frontmatter": {
              "title": "",
              "type": null,
              "order": 1,
              "hidden": null,
              "hideChildren": null,
              "breadcrumbs": null
            },
            "headings": [
              {
                "value": "Custom hostnames",
                "depth": 1
              }
            ]
          }
        },
        {
          "node": {
            "id": "69dd61bf-f461-58fc-b2b9-d061deae4893",
            "fields": {
              "slug": "/ssl-for-saas/status-codes"
            },
            "frontmatter": {
              "title": "",
              "type": null,
              "order": 1,
              "hidden": null,
              "hideChildren": null,
              "breadcrumbs": null
            },
            "headings": [
              {
                "value": "Status codes",
                "depth": 1
              }
            ]
          }
        }
      ]
    }
  }
}