{
  "data": {
    "allMdx": {
      "edges": [
        {
          "node": {
            "fields": {
              "slug": "/"
            },
            "frontmatter": {
              "title": "Welcome",
              "order": 0,
              "hidden": null
            },
            "headings": [
              {
                "value": "Cloudflare SSL documentation"
              }
            ]
          }
        },
        {
          "node": {
            "fields": {
              "slug": "/client-certificates/configure-your-mobile-app-or-iot-device"
            },
            "frontmatter": {
              "title": "",
              "order": 3,
              "hidden": null
            },
            "headings": [
              {
                "value": "Configure your mobile app or IoT device"
              }
            ]
          }
        },
        {
          "node": {
            "fields": {
              "slug": "/client-certificates/create-a-client-certificate"
            },
            "frontmatter": {
              "title": "",
              "order": 2,
              "hidden": null
            },
            "headings": [
              {
                "value": "Create a client certificate"
              }
            ]
          }
        },
        {
          "node": {
            "fields": {
              "slug": "/client-certificates/enable-mtls"
            },
            "frontmatter": {
              "title": "",
              "order": 4,
              "hidden": null
            },
            "headings": [
              {
                "value": "Enable mTLS"
              }
            ]
          }
        },
        {
          "node": {
            "fields": {
              "slug": "/client-certificates"
            },
            "frontmatter": {
              "title": "",
              "order": 3,
              "hidden": null
            },
            "headings": [
              {
                "value": "Client certificates"
              }
            ]
          }
        },
        {
          "node": {
            "fields": {
              "slug": "/client-certificates/revoke-client-certificate"
            },
            "frontmatter": {
              "title": "",
              "order": 5,
              "hidden": null
            },
            "headings": [
              {
                "value": "Revoke a client certificate"
              }
            ]
          }
        },
        {
          "node": {
            "fields": {
              "slug": "/client-certificates/troubleshooting"
            },
            "frontmatter": {
              "title": "",
              "order": 6,
              "hidden": null
            },
            "headings": [
              {
                "value": "Troubleshooting"
              }
            ]
          }
        },
        {
          "node": {
            "fields": {
              "slug": "/edge-certificates/advanced-certificate-manager"
            },
            "frontmatter": {
              "title": "",
              "order": 1,
              "hidden": null
            },
            "headings": [
              {
                "value": "Advanced Certificate Manager"
              }
            ]
          }
        },
        {
          "node": {
            "fields": {
              "slug": "/edge-certificates/certificate-transparency-monitoring"
            },
            "frontmatter": {
              "title": "",
              "order": 2,
              "hidden": null
            },
            "headings": [
              {
                "value": "Certificate transparency monitoring"
              }
            ]
          }
        },
        {
          "node": {
            "fields": {
              "slug": "/edge-certificates/http-strict-transport-security"
            },
            "frontmatter": {
              "title": "",
              "order": 3,
              "hidden": null
            },
            "headings": [
              {
                "value": "HTTP Strict Transport Security (HSTS)"
              }
            ]
          }
        },
        {
          "node": {
            "fields": {
              "slug": "/edge-certificates"
            },
            "frontmatter": {
              "title": "",
              "order": 2,
              "hidden": null
            },
            "headings": [
              {
                "value": "Edge certificates"
              }
            ]
          }
        },
        {
          "node": {
            "fields": {
              "slug": "/keyless-ssl/configuration"
            },
            "frontmatter": {
              "title": "",
              "order": 0,
              "hidden": null
            },
            "headings": [
              {
                "value": "Configuration"
              }
            ]
          }
        },
        {
          "node": {
            "fields": {
              "slug": "/keyless-ssl/high-availability"
            },
            "frontmatter": {
              "title": "",
              "order": 2,
              "hidden": null
            },
            "headings": [
              {
                "value": "High availability"
              }
            ]
          }
        },
        {
          "node": {
            "fields": {
              "slug": "/keyless-ssl"
            },
            "frontmatter": {
              "title": "",
              "order": 5,
              "hidden": null
            },
            "headings": [
              {
                "value": "Keyless SSL"
              }
            ]
          }
        },
        {
          "node": {
            "fields": {
              "slug": "/keyless-ssl/keyless-delegation"
            },
            "frontmatter": {
              "title": "",
              "order": 6,
              "hidden": null
            },
            "headings": [
              {
                "value": "Keyless delegation"
              }
            ]
          }
        },
        {
          "node": {
            "fields": {
              "slug": "/keyless-ssl/scaling-and-benchmarking"
            },
            "frontmatter": {
              "title": "",
              "order": 3,
              "hidden": null
            },
            "headings": [
              {
                "value": "Scaling and benchmarking"
              }
            ]
          }
        },
        {
          "node": {
            "fields": {
              "slug": "/keyless-ssl/troubleshooting"
            },
            "frontmatter": {
              "title": "",
              "order": 4,
              "hidden": null
            },
            "headings": [
              {
                "value": "Troubleshooting"
              }
            ]
          }
        },
        {
          "node": {
            "fields": {
              "slug": "/keyless-ssl/upgrading-your-key-server"
            },
            "frontmatter": {
              "title": "",
              "order": 5,
              "hidden": null
            },
            "headings": [
              {
                "value": "Upgrading your key server"
              }
            ]
          }
        },
        {
          "node": {
            "fields": {
              "slug": "/mutual-authentication"
            },
            "frontmatter": {
              "title": "",
              "order": 6,
              "hidden": null
            },
            "headings": [
              {
                "value": "Mutual authentication"
              }
            ]
          }
        },
        {
          "node": {
            "fields": {
              "slug": "/notifications"
            },
            "frontmatter": {
              "title": "",
              "order": 200,
              "hidden": null
            },
            "headings": [
              {
                "value": "Notifications"
              }
            ]
          }
        },
        {
          "node": {
            "fields": {
              "slug": "/origin-configuration/authenticated-origin-pull"
            },
            "frontmatter": {
              "title": "",
              "order": 3,
              "hidden": null
            },
            "headings": [
              {
                "value": "Authenticated origin pull"
              }
            ]
          }
        },
        {
          "node": {
            "fields": {
              "slug": "/origin-configuration/cipher-suites"
            },
            "frontmatter": {
              "title": "",
              "order": 1,
              "hidden": null
            },
            "headings": [
              {
                "value": "Cipher suites"
              }
            ]
          }
        },
        {
          "node": {
            "fields": {
              "slug": "/origin-configuration"
            },
            "frontmatter": {
              "title": "Origin server",
              "order": 7,
              "hidden": null
            },
            "headings": [
              {
                "value": "Origin server"
              }
            ]
          }
        },
        {
          "node": {
            "fields": {
              "slug": "/origin-configuration/origin-ca"
            },
            "frontmatter": {
              "title": "Origin CA certificates",
              "order": 3,
              "hidden": null
            },
            "headings": [
              {
                "value": "Managing Cloudflare Origin CA certificates"
              }
            ]
          }
        },
        {
          "node": {
            "fields": {
              "slug": "/origin-configuration/ssl-modes"
            },
            "frontmatter": {
              "title": "",
              "order": 2,
              "hidden": null
            },
            "headings": [
              {
                "value": "SSL modes"
              }
            ]
          }
        },
        {
          "node": {
            "fields": {
              "slug": "/ssl-for-saas/certificate-signing-requests"
            },
            "frontmatter": {
              "title": "",
              "order": 6,
              "hidden": null
            },
            "headings": [
              {
                "value": "Certificate signing requests"
              }
            ]
          }
        },
        {
          "node": {
            "fields": {
              "slug": "/ssl-for-saas/certificate-validation-methods"
            },
            "frontmatter": {
              "title": "",
              "order": 3,
              "hidden": null
            },
            "headings": [
              {
                "value": "Certificate validation methods"
              }
            ]
          }
        },
        {
          "node": {
            "fields": {
              "slug": "/ssl-for-saas/common-api-calls"
            },
            "frontmatter": {
              "title": "",
              "order": 9,
              "hidden": null
            },
            "headings": [
              {
                "value": "Common API calls"
              }
            ]
          }
        },
        {
          "node": {
            "fields": {
              "slug": "/ssl-for-saas/getting-started"
            },
            "frontmatter": {
              "title": "",
              "order": 0,
              "hidden": null
            },
            "headings": [
              {
                "value": "Getting started"
              }
            ]
          }
        },
        {
          "node": {
            "fields": {
              "slug": "/ssl-for-saas/hostname-verification-backoff-schedule"
            },
            "frontmatter": {
              "title": "",
              "order": 8,
              "hidden": null
            },
            "headings": [
              {
                "value": "Hostname verification backoff schedule"
              }
            ]
          }
        },
        {
          "node": {
            "fields": {
              "slug": "/ssl-for-saas/hostname-verification"
            },
            "frontmatter": {
              "title": "",
              "order": 4,
              "hidden": null
            },
            "headings": [
              {
                "value": "Hostname verification"
              }
            ]
          }
        },
        {
          "node": {
            "fields": {
              "slug": "/ssl-for-saas"
            },
            "frontmatter": {
              "title": "",
              "order": 8,
              "hidden": null
            },
            "headings": [
              {
                "value": "SSL for SaaS"
              }
            ]
          }
        },
        {
          "node": {
            "fields": {
              "slug": "/ssl-for-saas/issuing-certificates"
            },
            "frontmatter": {
              "title": "",
              "order": 2,
              "hidden": null
            },
            "headings": [
              {
                "value": "Issuing certificates"
              }
            ]
          }
        },
        {
          "node": {
            "fields": {
              "slug": "/ssl-for-saas/troubleshooting"
            },
            "frontmatter": {
              "title": "",
              "order": 10,
              "hidden": null
            },
            "headings": [
              {
                "value": "Troubleshooting"
              }
            ]
          }
        },
        {
          "node": {
            "fields": {
              "slug": "/ssl-for-saas/uploading-certificates"
            },
            "frontmatter": {
              "title": "",
              "order": 5,
              "hidden": null
            },
            "headings": [
              {
                "value": "Uploading certificates"
              }
            ]
          }
        },
        {
          "node": {
            "fields": {
              "slug": "/ssl-for-saas/validation-backoff-schedule"
            },
            "frontmatter": {
              "title": "",
              "order": 7,
              "hidden": null
            },
            "headings": [
              {
                "value": "Validation backoff schedule"
              }
            ]
          }
        },
        {
          "node": {
            "fields": {
              "slug": "/ssl-for-saas/versioning"
            },
            "frontmatter": {
              "title": "Deprecation - Version 1",
              "order": 10,
              "hidden": null
            },
            "headings": [
              {
                "value": "Deprecation notice for SSL for SaaS - Version 1"
              }
            ]
          }
        },
        {
          "node": {
            "fields": {
              "slug": "/ssl-tls/browser-compatibility"
            },
            "frontmatter": {
              "title": "",
              "order": 5,
              "hidden": null
            },
            "headings": [
              {
                "value": "Browser compatibility"
              }
            ]
          }
        },
        {
          "node": {
            "fields": {
              "slug": "/ssl-tls/certificate-and-hostname-priority"
            },
            "frontmatter": {
              "title": "",
              "order": 3,
              "hidden": null
            },
            "headings": [
              {
                "value": "Certificate and hostname priority"
              }
            ]
          }
        },
        {
          "node": {
            "fields": {
              "slug": "/ssl-tls/certificate-authorities"
            },
            "frontmatter": {
              "title": "",
              "order": 4,
              "hidden": null
            },
            "headings": [
              {
                "value": "Certificate authorities"
              }
            ]
          }
        },
        {
          "node": {
            "fields": {
              "slug": "/ssl-tls/cipher-suites"
            },
            "frontmatter": {
              "title": "",
              "order": 1,
              "hidden": null
            },
            "headings": [
              {
                "value": "Cipher suites"
              }
            ]
          }
        },
        {
          "node": {
            "fields": {
              "slug": "/ssl-tls"
            },
            "frontmatter": {
              "title": "",
              "order": 9,
              "hidden": null
            },
            "headings": [
              {
                "value": "SSL/TLS"
              }
            ]
          }
        },
        {
          "node": {
            "fields": {
              "slug": "/ssl-tls/protocols"
            },
            "frontmatter": {
              "title": "",
              "order": 2,
              "hidden": null
            },
            "headings": [
              {
                "value": "Protocols"
              }
            ]
          }
        },
        {
          "node": {
            "fields": {
              "slug": "/edge-certificates/custom-certificates/bundling-methodologies"
            },
            "frontmatter": {
              "title": "",
              "order": 3,
              "hidden": null
            },
            "headings": [
              {
                "value": "Bundling methodologies"
              }
            ]
          }
        },
        {
          "node": {
            "fields": {
              "slug": "/edge-certificates/custom-certificates"
            },
            "frontmatter": {
              "title": "",
              "order": 4,
              "hidden": null
            },
            "headings": [
              {
                "value": "Custom certificates"
              }
            ]
          }
        },
        {
          "node": {
            "fields": {
              "slug": "/edge-certificates/custom-certificates/renewing"
            },
            "frontmatter": {
              "title": "",
              "order": 2,
              "hidden": null
            },
            "headings": [
              {
                "value": "Renewing"
              }
            ]
          }
        },
        {
          "node": {
            "fields": {
              "slug": "/edge-certificates/custom-certificates/uploading"
            },
            "frontmatter": {
              "title": "",
              "order": 1,
              "hidden": null
            },
            "headings": [
              {
                "value": "Uploading"
              }
            ]
          }
        },
        {
          "node": {
            "fields": {
              "slug": "/edge-certificates/universal-ssl/changing-dcv-method"
            },
            "frontmatter": {
              "title": "",
              "order": 2,
              "hidden": null
            },
            "headings": [
              {
                "value": "Change DCV method"
              }
            ]
          }
        },
        {
          "node": {
            "fields": {
              "slug": "/edge-certificates/universal-ssl/disable-universal-ssl"
            },
            "frontmatter": {
              "title": "Disable Universal SSL",
              "order": 3,
              "hidden": null
            },
            "headings": [
              {
                "value": "How do I disable Universal SSL?"
              }
            ]
          }
        },
        {
          "node": {
            "fields": {
              "slug": "/edge-certificates/universal-ssl/enable-universal-ssl"
            },
            "frontmatter": {
              "title": "",
              "order": 1,
              "hidden": null
            },
            "headings": [
              {
                "value": "Enable Universal SSL"
              }
            ]
          }
        },
        {
          "node": {
            "fields": {
              "slug": "/edge-certificates/universal-ssl"
            },
            "frontmatter": {
              "title": "",
              "order": 0,
              "hidden": null
            },
            "headings": [
              {
                "value": "Universal SSL"
              }
            ]
          }
        },
        {
          "node": {
            "fields": {
              "slug": "/edge-certificates/universal-ssl/limitations"
            },
            "frontmatter": {
              "title": "Limitations",
              "order": 3,
              "hidden": null
            },
            "headings": [
              {
                "value": "Limitations for Universal SSL"
              }
            ]
          }
        },
        {
          "node": {
            "fields": {
              "slug": "/keyless-ssl/hardware-security-modules/aws-cloud-hsm"
            },
            "frontmatter": {
              "title": "",
              "order": 1,
              "hidden": null
            },
            "headings": [
              {
                "value": "AWS cloud HSM"
              }
            ]
          }
        },
        {
          "node": {
            "fields": {
              "slug": "/keyless-ssl/hardware-security-modules/azure-dedicated-hsm"
            },
            "frontmatter": {
              "title": "",
              "order": 2,
              "hidden": null
            },
            "headings": [
              {
                "value": "Azure Dedicated HSM"
              }
            ]
          }
        },
        {
          "node": {
            "fields": {
              "slug": "/keyless-ssl/hardware-security-modules/azure-managed-hsm"
            },
            "frontmatter": {
              "title": "",
              "order": 3,
              "hidden": null
            },
            "headings": [
              {
                "value": "Azure Managed HSM"
              }
            ]
          }
        },
        {
          "node": {
            "fields": {
              "slug": "/keyless-ssl/hardware-security-modules/entrust-nshield-connect"
            },
            "frontmatter": {
              "title": "",
              "order": 5,
              "hidden": null
            },
            "headings": [
              {
                "value": "Entrust nShield Connect"
              }
            ]
          }
        },
        {
          "node": {
            "fields": {
              "slug": "/keyless-ssl/hardware-security-modules/google-cloud-hsm"
            },
            "frontmatter": {
              "title": "",
              "order": 7,
              "hidden": null
            },
            "headings": [
              {
                "value": "Google Cloud HSM"
              }
            ]
          }
        },
        {
          "node": {
            "fields": {
              "slug": "/keyless-ssl/hardware-security-modules/ibm-cloud-hsm"
            },
            "frontmatter": {
              "title": "",
              "order": 6,
              "hidden": null
            },
            "headings": [
              {
                "value": "IBM cloud HSM"
              }
            ]
          }
        },
        {
          "node": {
            "fields": {
              "slug": "/keyless-ssl/hardware-security-modules"
            },
            "frontmatter": {
              "title": "",
              "order": 1,
              "hidden": null
            },
            "headings": [
              {
                "value": "Hardware security modules"
              }
            ]
          }
        },
        {
          "node": {
            "fields": {
              "slug": "/keyless-ssl/hardware-security-modules/softhsmv2"
            },
            "frontmatter": {
              "title": "",
              "order": 4,
              "hidden": null
            },
            "headings": [
              {
                "value": "SoftHSMv2"
              }
            ]
          }
        },
        {
          "node": {
            "fields": {
              "slug": "/ssl-for-saas/hostname-specific-behavior/connection-details"
            },
            "frontmatter": {
              "title": "",
              "order": 2,
              "hidden": null
            },
            "headings": [
              {
                "value": "Connection request details"
              }
            ]
          }
        },
        {
          "node": {
            "fields": {
              "slug": "/ssl-for-saas/hostname-specific-behavior/custom-metadata"
            },
            "frontmatter": {
              "title": "",
              "order": 1,
              "hidden": null
            },
            "headings": [
              {
                "value": "Custom metadata"
              }
            ]
          }
        },
        {
          "node": {
            "fields": {
              "slug": "/ssl-for-saas/hostname-specific-behavior"
            },
            "frontmatter": {
              "title": "",
              "order": 1,
              "hidden": null
            },
            "headings": [
              {
                "value": "Hostname specific behavior"
              }
            ]
          }
        },
        {
          "node": {
            "fields": {
              "slug": "/ssl-for-saas/status-codes/certificate-authority-specific"
            },
            "frontmatter": {
              "title": "",
              "order": 3,
              "hidden": null
            },
            "headings": [
              {
                "value": "Certificate authority specific"
              }
            ]
          }
        },
        {
          "node": {
            "fields": {
              "slug": "/ssl-for-saas/status-codes/custom-csrs"
            },
            "frontmatter": {
              "title": "Custom CSRs",
              "order": 2,
              "hidden": null
            },
            "headings": [
              {
                "value": "Custom Certificate Signing Requests"
              }
            ]
          }
        },
        {
          "node": {
            "fields": {
              "slug": "/ssl-for-saas/status-codes/custom-hostnames"
            },
            "frontmatter": {
              "title": "",
              "order": 1,
              "hidden": null
            },
            "headings": [
              {
                "value": "Custom hostnames"
              }
            ]
          }
        },
        {
          "node": {
            "fields": {
              "slug": "/ssl-for-saas/status-codes"
            },
            "frontmatter": {
              "title": "",
              "order": 1,
              "hidden": null
            },
            "headings": [
              {
                "value": "Status codes"
              }
            ]
          }
        }
      ]
    }
  }
}